time,longitude,latitude,predicted_output
1708448417534711600,75.8205795,26.8630872,0.0
1708448417544587500,75.8205795,26.8630872,0.0
1708448417554490400,75.8205795,26.8630872,0.0
1708448417564422000,75.8205795,26.8630872,0.0
1708448417574382800,75.8205795,26.8630872,0.0
1708448417584372500,75.8205795,26.8630872,0.0
1708448417594388700,75.8205795,26.8630872,0.0
1708448417604429000,75.8205795,26.8630872,0.0
1708448417614490000,75.8205795,26.8630872,0.0
1708448417624567000,75.8205795,26.8630872,0.0
1708448417634655200,75.8205795,26.8630872,0.0
1708448417644749800,75.8205795,26.8630872,0.0
1708448417654845700,75.8205795,26.8630872,0.0
1708448417664849000,75.8205795,26.8630872,0.0
1708448417674822700,75.8205795,26.8630872,0.0
1708448417684796200,75.8205795,26.8630872,0.0
1708448417694769700,75.8205795,26.8630872,0.0
1708448417704743400,75.8205795,26.8630872,0.0
1708448417714717000,75.8205795,26.8630872,0.0
1708448417724690400,75.8205795,26.8630872,0.0
1708448417734664200,75.8205795,26.8630872,0.0
1708448417744637700,75.8205795,26.8630872,0.0
1708448417754611200,75.8205795,26.8630872,0.0
1708448417764585000,75.8205795,26.8630872,0.0
1708448417774558500,75.8205795,26.8630872,0.0
1708448417784532000,75.8205795,26.8630872,0.0
1708448417794505700,75.8205795,26.8630872,0.0
1708448417804479200,75.8205795,26.8630872,0.0
1708448417814453000,75.8205795,26.8630872,0.0
1708448417824426500,75.8205795,26.8630872,0.0
1708448417834400000,75.8205795,26.8630872,0.0
1708448417844373800,75.8205795,26.8630872,0.0
1708448417854347300,75.8205795,26.8630872,0.0
1708448417864320800,75.8205795,26.8630872,0.0
1708448417874294500,75.8205795,26.8630872,0.0
1708448417884268000,75.8205795,26.8630872,0.0
1708448417894241500,75.8205795,26.8630872,0.0
1708448417904215300,75.8205795,26.8630872,0.0
1708448417914188800,75.8205795,26.8630872,0.0
1708448417924162300,75.8205795,26.8630872,0.0
1708448417934136000,75.8205795,26.8630872,0.0
1708448417944109600,75.8205795,26.8630872,0.0
1708448417954083000,75.8205795,26.8630872,0.0
1708448417964056800,75.8205795,26.8630872,0.0
1708448417974030300,75.8205795,26.8630872,0.0
1708448417984003800,75.8205795,26.8630872,0.0
1708448417993977600,75.8205795,26.8630872,0.0
1708448418003951000,75.8205795,26.8630872,0.0
1708448418013924900,75.8205795,26.8630872,0.0
1708448418023898400,75.8205795,26.8630872,0.0
1708448418033872000,75.8205795,26.8630872,0.0
1708448418043845600,75.8205795,26.8630872,0.0
1708448418053819100,75.8205795,26.8630872,0.0
1708448418063792600,75.8205795,26.8630872,0.0
1708448418073766400,75.8205795,26.8630872,0.0
1708448418083740000,75.8205795,26.8630872,0.0
1708448418093713400,75.8205795,26.8630872,0.0
1708448418103687200,75.8205795,26.8630872,0.0
1708448418113660700,75.8205795,26.8630872,0.0
1708448418123634200,75.8205795,26.8630872,0.0
1708448418133608000,75.8205795,26.8630872,0.0
1708448418143581400,75.8205795,26.8630872,0.0
1708448418153555000,75.8205795,26.8630872,0.0
1708448418163528700,75.8205795,26.8630872,0.0
1708448418173502200,75.8205795,26.8630872,0.0
1708448418183475700,75.8205795,26.8630872,0.0
1708448418193449500,75.8205795,26.8630872,0.0
1708448418203423000,75.8205795,26.8630872,0.0
1708448418213396700,75.8205795,26.8630872,0.0
1708448418223370200,75.8205795,26.8630872,0.0
1708448418233343700,75.8205795,26.8630872,0.0
1708448418243317500,75.8205795,26.8630872,0.0
1708448418253291000,75.8205795,26.8630872,0.0
1708448418263264800,75.8205795,26.8630872,0.0
1708448418273238300,75.8205795,26.8630872,0.0
1708448418283212000,75.8205795,26.8630872,0.0
1708448418293185500,75.8205795,26.8630872,0.0
1708448418303159300,75.8205795,26.8630872,0.0
1708448418313132800,75.8205795,26.8630872,0.0
1708448418323106600,75.8205795,26.8630872,0.0
1708448418333080300,75.8205795,26.8630872,0.0
1708448418343053800,75.8205795,26.8630872,0.0
1708448418353027600,75.8205795,26.8630872,0.0
1708448418363001000,75.8205795,26.8630872,0.0
1708448418372974800,75.8205795,26.8630872,0.0
1708448418382948400,75.8205795,26.8630872,0.0
1708448418392922000,75.8205795,26.8630872,0.0
1708448418402895600,75.8205795,26.8630872,0.0
1708448418412869400,75.8205795,26.8630872,0.0
1708448418422843100,75.8205795,26.8630872,0.0
1708448418432816600,75.8205795,26.8630872,0.0
1708448418442790400,75.8205795,26.8630872,0.0
1708448418452764000,75.8205795,26.8630872,0.0
1708448418462737700,75.8205795,26.8630872,0.0
1708448418472711200,75.8205795,26.8630872,0.0
1708448418482685000,75.8205795,26.8630872,0.0
1708448418492658400,75.8205795,26.8630872,0.0
1708448418502632200,75.8205795,26.8630872,0.0
1708448418512606000,75.8205795,26.8630872,0.0
1708448418522579500,75.8205795,26.8630872,0.0
1708448418532553200,75.8205795,26.8630872,0.0
1708448418542526700,75.8205795,26.8630872,0.0
1708448418552500500,75.8205795,26.8630872,0.0
1708448418562474000,75.8205795,26.8630872,0.0
1708448418572447700,75.8205795,26.8630872,0.0
1708448418582421200,75.8205795,26.8630872,0.0
1708448418592395000,75.8205795,26.8630872,0.0
1708448418602368800,75.8205795,26.8630872,0.0
1708448418612342300,75.8205795,26.8630872,0.0
1708448418622316000,75.8205795,26.8630872,0.0
1708448418632289500,75.8205795,26.8630872,0.0
1708448418642263300,75.8205795,26.8630872,0.0
1708448418652236800,75.8205795,26.8630872,0.0
1708448418662210600,75.8205795,26.8630872,0.0
1708448418672184000,75.8205795,26.8630872,0.0
1708448418682157800,75.8205795,26.8630872,0.0
1708448418692131600,75.8205795,26.8630872,0.0
1708448418702105000,75.8205795,26.8630872,0.0
1708448418712078800,75.8205795,26.8630872,0.0
1708448418722052400,75.8205795,26.8630872,0.0
1708448418732026000,75.8205795,26.8630872,0.0
1708448418741999600,75.8205795,26.8630872,0.0
1708448418751973000,75.8205795,26.8630872,0.0
1708448418761947000,75.8205795,26.8630872,0.0
1708448418771920400,75.8205795,26.8630872,0.0
1708448418781894000,75.8205795,26.8630872,0.0
1708448418791867600,75.8205795,26.8630872,0.0
1708448418801841200,75.8205795,26.8630872,0.0
1708448418811814700,75.8205795,26.8630872,0.0
1708448418821788400,75.8205795,26.8630872,0.0
1708448418831762000,75.8205795,26.8630872,0.0
1708448418841735400,75.8205795,26.8630872,0.0
1708448418851709200,75.8205795,26.8630872,0.0
1708448418861682700,75.8205795,26.8630872,0.0
1708448418871656200,75.8205795,26.8630872,0.0
1708448418881630000,75.8205795,26.8630872,0.0
1708448418891603500,75.8205795,26.8630872,0.0
1708448418901577200,75.8205795,26.8630872,0.0
1708448418911550700,75.8205795,26.8630872,0.0
1708448418921524200,75.8205795,26.8630872,0.0
1708448418931498000,75.8205795,26.8630872,0.0
1708448418941471500,75.8205795,26.8630872,0.0
1708448418951445000,75.8205795,26.8630872,0.0
1708448418961418800,75.8205795,26.8630872,0.0
1708448418971392300,75.8205795,26.8630872,0.0
1708448418981365800,75.8205795,26.8630872,0.0
1708448418991339500,75.8205795,26.8630872,0.0
1708448419001313000,75.8205795,26.8630872,0.0
1708448419011286500,75.8205795,26.8630872,0.0
1708448419021260300,75.8205795,26.8630872,0.0
1708448419031233800,75.8205795,26.8630872,0.0
1708448419041207300,75.8205795,26.8630872,0.0
1708448419051181000,75.8205795,26.8630872,0.0
1708448419061154600,75.8205795,26.8630872,0.0
1708448419071128000,75.8205795,26.8630872,0.0
1708448419081101800,75.8205795,26.8630872,0.0
1708448419091075300,75.8205795,26.8630872,0.0
1708448419101049000,75.8205795,26.8630872,0.0
1708448419111022600,75.8205795,26.8630872,0.0
1708448419120996000,75.8205795,26.8630872,0.0
