time,longitude,latitude,quality_label,mean_x,mean_y,mean_z,RMS_x,RMS_y,RMS_z,longitude_s,latitude_s,longitude_e,latitude_e
1.701598304074398e+18,,,0.0,0.10337759284135332,0.18903432836346146,0.6110947607991478,0.2075551959437531,0.2894616685168956,0.7695239294915692,75.8068167,26.8618983,75.8068167,26.8618983
1.7015983045766994e+18,,,0.0,0.2740162215005601,0.5166169603765448,1.1920959844795207,0.529673984853331,0.7342962938839793,1.5723358684796036,75.8068167,26.8618983,75.8068167,26.8618983
1.7015983050790026e+18,,,0.0,0.3217760653948351,0.6175028301713197,1.4107333001801812,0.6090229653309979,0.8470634307772966,1.7339454507824528,75.8068167,26.8618983,75.8068167,26.8618983
1.7015983055813076e+18,,,0.0,0.2881431281128589,0.42856508415917316,1.1162854313904915,0.5518273682740479,0.6396618441071702,1.295336029699001,75.8068167,26.8618983,75.8068062,26.8618999
1.7015983060836145e+18,,,0.0,0.37165682641109804,0.527063514192205,1.219386747011892,0.7585735225600706,0.8295713845381888,1.6738382400643135,75.8068167,26.8618983,75.8068062,26.8618999
1.701598306611038e+18,,,0.0,0.38708558128888215,0.6391577566611839,1.4078732413919826,0.7909882197776023,1.0108218582954063,1.8505755098496455,75.8068062,26.8618999,75.8067775,26.8618996
1.7015983071133466e+18,,,0.0,0.35607863484880353,0.5623075582919597,1.681401748005172,0.7357481895973819,0.9178560651802534,2.0115737643727556,75.8068062,26.8618999,75.8067775,26.8618996
1.7015983076156564e+18,,,0.0,0.43362355011204656,0.6814522558625217,2.012249656117934,0.8299884079869367,1.278444684034655,2.457225506009605,75.8067775,26.8618996,75.8067775,26.8618996
1.701598308117966e+18,,,0.0,0.4051933165155408,0.741001540796237,1.8429957717946344,0.7444712783767055,1.3935240539284506,2.2999637251009837,75.8067775,26.8618996,75.8067589,26.8618797
1.7015983086202762e+18,,,0.0,0.38401272483181165,0.5764848856559328,1.5340420539782664,0.71057451638247,0.988402518742784,1.8552654061410676,75.8067775,26.8618996,75.8067589,26.8618797
1.7015983091225864e+18,,,0.0,0.43516920450892427,0.549583169724889,1.4401863342774397,0.7655486892758286,0.8911172386642617,1.724714306168734,75.8067589,26.8618797,75.8067508,26.8618654
1.7015983096248968e+18,,,0.0,0.3640997342183194,0.639589166258015,1.5832507573833923,0.6494542130720771,1.078874844355346,1.9572893222677994,75.8067589,26.8618797,75.8067508,26.8618654
1.7015983101272064e+18,,,0.0,0.3260875138014715,0.6922876894389454,1.68303092328696,0.5858735604227413,1.1643400476813044,2.1044882786166563,75.8067508,26.8618654,75.806745,26.8618455
1.7015983106295163e+18,,,0.0,0.27304565264718356,0.5938608138580949,1.457284814884333,0.5290861838761922,0.9883796407417544,1.8544873356211706,75.8067508,26.8618654,75.806745,26.8618455
1.7015983111318262e+18,,,0.0,0.22723372062640532,0.5334662403054858,1.3625755057059719,0.4300134458739587,0.8756301390865555,1.7431782026165479,75.806745,26.8618455,75.8067418,26.8618235
1.7015983116341358e+18,,,0.0,0.2657324390352015,0.5456029516151918,1.395138262963001,0.4966604052194825,0.9338443860974222,1.7315197039793815,75.806745,26.8618455,75.8067418,26.8618235
1.7015983121364452e+18,,,0.0,0.25821745363531035,0.7490383519491084,1.7120020163923815,0.5339967333422476,1.4194258406988005,2.2994060207727034,75.8067418,26.8618235,75.8067361,26.861799
1.7015983126387543e+18,,,0.0,0.1929093416400508,0.9036957317597875,1.9879345345164063,0.4206060302355301,1.625128746419687,2.5567648845310167,75.8067361,26.861799,75.8067361,26.861799
1.7015983131410634e+18,,,0.0,0.19149576770958276,0.7633266792711336,1.7573541808223683,0.3460246588203858,1.3271060996347828,2.17854221331113,75.8067361,26.861799,75.8067306,26.8617701
1.7015983136433723e+18,,,0.0,0.245548623675002,0.6817049582283462,1.671522963654703,0.47802948460867406,1.1653120036522482,2.001827975127099,75.8067306,26.8617701,75.8067157,26.8617492
1.701598314145681e+18,,,0.0,0.21056422764351396,0.530675719589188,1.6039399149141687,0.455994012131293,0.9542079671331386,1.9210386731950522,75.8067306,26.8617701,75.8067135,26.8617466
1.7015983146479898e+18,,,0.0,0.21538751500125275,0.585573162766839,1.671524093442364,0.39795909639175314,1.0305728514773134,2.1272613428406397,75.8067157,26.8617492,75.8067056,26.8617485
1.701598315150298e+18,,,0.0,0.3580659025842644,0.7371225398403327,2.0096395967447083,0.6196638218204583,1.1784697396547867,2.5442340531230365,75.8067135,26.8617466,75.8067035,26.861736
1.7015983156526067e+18,,,0.0,0.4670588082284226,0.7886911843547246,2.0779959302620026,0.8273964584190795,1.3682655278167233,2.5656466599401426,75.8067056,26.8617485,75.8066957,26.8617125
1.701598316154915e+18,,,0.0,0.35489491559805264,0.8002772343041498,2.2219748686450784,0.7114610008191512,1.4452699429605933,2.7116422884936933,75.8067035,26.861736,75.8066933,26.8616824
1.7015983166572234e+18,,,0.0,0.2931391938287891,0.748341824629333,2.267201318851407,0.5584628981558398,1.2997800562245811,2.7836995703392566,75.8066957,26.8617125,75.8066932,26.8616629
1.7015983171595318e+18,,,0.0,0.2958053275249046,0.8048236215974828,1.8808621641453573,0.5440523243528577,1.3800688812879114,2.372490445219994,75.8066933,26.8616824,75.8066894,26.8616461
1.70159831766184e+18,,,0.0,0.2673565324860948,0.7944979028694434,1.713258749034306,0.4927061180103607,1.361386243224737,2.234333212529325,75.8066932,26.8616629,75.8066849,26.8616308
1.701598318164148e+18,,,0.0,0.33668754644557936,0.7233333349790645,1.815281763321172,0.6262046898299877,1.2099235160021395,2.369384907878204,75.8066894,26.8616461,75.8066825,26.8616172
1.701598318666456e+18,,,0.0,0.30454059808896294,0.6343774463497102,1.58657656978049,0.5758877459320645,1.0786019180420234,2.143924595664293,75.8066849,26.8616308,75.806678,26.861598
1.701598319168765e+18,,,0.0,0.21830551928645814,0.5778024959460677,1.4009938231079133,0.404183674652439,1.1012124996012473,1.9202526768513621,75.8066825,26.8616172,75.8066751,26.8615911
1.701598319671073e+18,,,0.0,0.22072099149657157,0.626295676405373,1.6597678573821097,0.4526763704608715,1.2284441750810444,2.2046911106084957,75.806678,26.861598,75.8066708,26.8615751
1.7015983201733816e+18,,,0.0,0.1986827170015079,0.6140213440261804,1.5538463865770422,0.44083669815604776,1.1479180587141375,1.9856918053684756,75.8066751,26.8615911,75.8066661,26.8615616
1.7015983206756905e+18,,,0.0,0.16604346280227936,0.5693211040237811,1.4759421287074006,0.33792624037690694,1.038228584796639,1.7680919115833074,75.8066708,26.8615751,75.8066609,26.8615463
1.7015983211779996e+18,,,0.0,0.30879656987158866,0.5868791786231289,1.553215383896346,0.5830519532137534,0.9965129145239827,1.8758770500092123,75.8066661,26.8615616,75.8066597,26.8615407
1.7015983216803092e+18,,,0.0,0.35017337392913833,0.5872516008056383,1.4633679727475424,0.6292669376656731,1.091346510014014,1.8244499885719807,75.8066609,26.8615463,75.8066567,26.8615244
1.701598322182619e+18,,,0.0,0.26092537209232747,0.6200152909511685,1.5006315616489154,0.4707625981662475,1.2997691733921868,1.8601282962061203,75.8066597,26.8615407,75.8066517,26.8615085
1.701598322684928e+18,,,0.0,0.2532342371691516,0.6040523124054856,1.4184968418376145,0.43014643298873084,1.1779984231523575,1.8116094255754651,75.8066567,26.8615244,75.8066489,26.8614958
1.7015983231872376e+18,,,0.0,0.24735899617034174,0.5888224213683653,1.4600723095490427,0.4227156035914012,1.1058951793111576,1.9783630132498633,75.8066517,26.8615085,75.8066481,26.8614889
1.7015983236895473e+18,,,0.0,0.24213904013933985,0.6488959026171074,1.7417447126887837,0.4222254817044377,1.231545187764842,2.1853536766983708,75.8066489,26.8614958,75.8066458,26.8614725
1.701598324191856e+18,,,0.0,0.21454910132191998,0.7162417200206577,1.764704007177129,0.3991821893768138,1.3662986050108286,2.135851748637226,75.8066481,26.8614889,75.8066402,26.8614605
1.7015983246941655e+18,,,0.0,0.23161996896727277,0.7180329109685138,1.7173609798866036,0.47133029861749276,1.3337621389513312,2.173569853284811,75.8066458,26.8614725,75.8066348,26.8614432
1.701598325196475e+18,,,0.0,0.23878157176376502,0.6845864158470804,1.6752304169680303,0.4725317804187966,1.2484350334814456,2.1685998550355423,75.8066402,26.8614605,75.8066304,26.8614303
1.701598325698784e+18,,,0.0,0.17631821329642733,0.6412732241673819,1.6185522868422415,0.36954164515305166,1.2855807852043546,2.025058277340158,75.8066348,26.8614432,75.8066276,26.8614172
1.7015983262010929e+18,,,0.0,0.147311045085725,0.6241752591120209,1.5028736601390151,0.3048100317781298,1.3189184688588143,1.838799496650209,75.8066304,26.8614303,75.8066252,26.8614098
1.701598326703402e+18,,,0.0,0.1533553092986367,0.7113473996204068,1.4707364359060164,0.291587852719285,1.3413673730872366,1.8907841143849675,75.8066276,26.8614172,75.8066192,26.8613878
1.701598327205711e+18,,,0.0,0.18037590427238784,0.8135239838105204,1.6365681387850934,0.3499571545391691,1.4280631574520803,2.0842782566789846,75.8066252,26.8614098,75.8066192,26.8613878
1.7015983277080202e+18,,,0.0,0.184777346850656,0.6706720057281171,1.400207613223291,0.35780713358894445,1.2345037153957925,1.7993848976772904,75.8066192,26.8613878,75.8066139,26.8613694
1.7015983282103296e+18,,,0.0,0.19010648177378237,0.48875778637835127,1.1948761248400117,0.34240791693252776,0.8703888509744298,1.5201506443362227,75.8066192,26.8613878,75.8066144,26.8613593
1.7015983287126392e+18,,,0.0,0.20027846243735115,0.5470454633904522,1.411718168296538,0.35962086230385115,0.9415162603955776,1.8310150252190875,75.8066139,26.8613694,75.8066133,26.8613456
1.7015983292149489e+18,,,0.0,0.24689515316473468,0.5794972115285667,1.6658302456911827,0.510368551469271,1.0232058503841028,2.1272178064153997,75.8066144,26.8613593,75.8066113,26.8613359
1.701598329717259e+18,,,0.0,0.36983660261783,0.6815055954533702,1.9966817468701126,0.6788967300440159,1.187377019858571,2.4685225263953026,75.8066133,26.8613456,75.8066088,26.861323
1.701598330219569e+18,,,0.0,0.32151780002302666,0.6165729997404855,1.8852044606002663,0.5741357824941425,1.0432743860115201,2.3478186476187854,75.8066113,26.8613359,75.8066063,26.8613123
1.701598330721879e+18,,,0.0,0.30578720569299184,0.5790893856853178,1.7857818777601593,0.5660884764357091,0.9660928460991814,2.292413240023701,75.8066088,26.861323,75.8066038,26.8612996
1.701598331224189e+18,,,0.0,0.3712131720539532,0.8869639808298992,2.0868564708267368,0.6846127445015838,1.6703804886988671,2.7359603561484334,75.8066063,26.8613123,75.806602,26.8612875
1.7015983317264988e+18,,,0.0,0.28503682338382,1.0031793930823154,2.004236024821086,0.5786224431920695,1.8559188243476306,2.637675051571376,75.8066038,26.8612996,75.8066,26.8612733
1.7015983322288084e+18,,,0.0,0.21794867906709764,0.7844195350185459,1.6507518534966286,0.45626220033515763,1.3599805508207699,2.134032336038321,75.806602,26.8612875,75.8065982,26.861265
1.7015983327311186e+18,,,0.0,0.18008446176833037,0.745512503115559,1.7722394574338127,0.3663538217759309,1.3838524956591487,2.3382652311155727,75.8066,26.8612733,75.8065953,26.8612487
1.7015983332334282e+18,,,0.0,0.19271315579159332,0.7642733626152171,1.7306760106148402,0.38429385258099935,1.4290675941262414,2.329615327578061,75.8065982,26.861265,75.8065953,26.8612487
1.7015983337357379e+18,,,0.0,0.21630141555111154,0.5503630009964837,1.530204145513031,0.43243611471932075,1.033058958933965,1.989934244353772,75.8065953,26.8612487,75.8065947,26.8612288
1.7015983342380475e+18,,,0.0,0.23526238537116043,0.4020147947952357,1.555864183267475,0.44647101269520106,0.7784819479744729,1.9164573202323214,75.8065953,26.8612487,75.8065946,26.8612097
1.7015983347403574e+18,,,0.0,0.2251150384921581,0.3914182750947661,1.396379182300338,0.420945522689347,0.707905027792982,1.6576158655946853,75.8065947,26.8612288,75.8065945,26.8611943
1.7015983352426665e+18,,,0.0,0.2740534787364956,0.5541496484594007,1.565324061962925,0.5850770887306179,1.0308819209397424,1.8673684278765086,75.8065946,26.8612097,75.8065931,26.8611866
1.7015983357449764e+18,,,0.0,0.5129211278706713,0.7713730778722149,1.927199008811166,0.9569730507460695,1.2677893642073583,2.3588935416079995,75.8065945,26.8611943,75.8065906,26.8611693
1.7015983362472855e+18,,,0.0,0.4992097619311176,0.9400922074691461,2.064502425769132,0.9360036347481204,1.5209506579381737,2.5700027778035714,75.8065931,26.8611866,75.8065906,26.8611693
1.7015983367495951e+18,,,0.0,0.5232741158295993,0.7988408002561833,1.9005695283752693,1.0232248258607073,1.345879044713672,2.3432470021849063,75.8065906,26.8611693,75.8065889,26.8611425
1.701598337251905e+18,,,0.0,0.56904146789541,0.6010938914610678,1.7041544080297135,1.0490629472765127,0.9820121399594437,2.100510630312899,75.8065906,26.8611693,75.8065889,26.8611425
1.701598337754215e+18,,,0.0,0.3671204801795904,0.6343759139739934,1.6410003281666838,0.6545542718390093,1.1096298491843584,2.0296252739745158,75.8065889,26.8611425,75.8065847,26.8611168
1.701598338256525e+18,,,0.0,0.32637893247304367,0.9547152193411128,2.679269871568954,0.6769369241840195,1.7489493329624435,3.5018869333243092,75.8065889,26.8611425,75.8065847,26.8611168
1.7015983387588355e+18,,,0.0,0.43579037970124235,1.1608853270375528,3.134424974513656,0.8882534882273778,2.0856344535573452,3.943448348175228,75.8065847,26.8611168,75.8065824,26.8610899
1.7015983392611464e+18,,,0.0,0.396042655542069,0.9419720260250987,2.493352635893252,0.7754530119427622,1.763901086406666,3.1394499424286124,75.8065847,26.8611168,75.8065823,26.8610776
1.701598339763457e+18,,,0.0,0.3255797347132041,0.847690548101455,2.5554287176784753,0.6138039161485899,1.5997084113168807,3.345257395736067,75.8065824,26.8610899,75.8065833,26.8610641
1.701598340265768e+18,,,0.0,0.4848860248072725,1.5316944351216453,4.352954904420403,0.8991430230731767,2.7827426561084225,6.225042140372544,75.8065823,26.8610776,75.8065833,26.8610641
1.701598340768079e+18,,,0.0,0.8812818650282024,2.7922664405423414,7.593663830105315,1.776681209899735,5.191945625491998,10.73789218574359,75.8065833,26.8610641,75.8065868,26.8610329
1.7015983412703903e+18,,,0.0,1.6660105255847648,3.827422094739076,11.980740441765548,3.875313078008041,6.656960701417717,17.449763018057524,75.8065833,26.8610641,75.8065879,26.8610223
1.7015983417727012e+18,,,0.0,2.1669614775301103,8.041419062136606,17.830578390300673,5.4330562122945425,17.448618163237413,24.09045043802819,75.8065868,26.8610329,75.8065906,26.8610051
1.701598342275012e+18,,,0.0,1.399366703375737,6.782186917394969,12.370483844840091,4.207183159690287,16.918840589156105,19.24092236921565,75.8065879,26.8610223,75.8065906,26.8610051
1.7015983427773233e+18,,,1.0,0.5564977179842958,1.270352451934975,3.2750458344598763,0.9869103155792687,2.5481648179505725,4.346167228328883,75.8065906,26.8610051,75.8065919,26.8609798
1.701598343279634e+18,,,1.0,0.5062421436115804,0.6765694387202815,2.3129640847868074,0.8791952008097146,1.1860322165586359,3.297901331996078,75.8065906,26.8610051,75.8065928,26.8609707
1.701598343781945e+18,,,1.0,0.576257146476046,0.6145888440949698,2.28675534489369,1.0845022726783426,1.0484901038062644,2.7753617807787236,75.8065919,26.8609798,75.8065956,26.860961
1.7015983442842557e+18,,,0.0,0.5848836446037027,0.5888928551763523,2.245008512762931,1.1234052442291627,0.9415919797991491,2.737960185834871,75.8065928,26.8609707,75.8065985,26.8609506
1.7015983447865667e+18,,,0.0,0.41603900568132457,0.47935375855050744,1.5615354514352533,0.8008219924600084,0.7603162224803781,2.005306490165019,75.8065956,26.860961,75.8066034,26.8609402
1.7015983452888773e+18,,,0.0,0.2850315127386394,0.47431567023092086,1.3972173051567924,0.5595262125072328,0.8356675092231128,1.751751587898134,75.8065985,26.8609506,75.8066055,26.8609339
1.7015983457911882e+18,,,0.0,0.24649924566567794,0.49861688412501715,1.483813568307594,0.49833918009772465,0.8502145268465954,1.841184128069029,75.8066034,26.8609402,75.8066106,26.860919
1.701598346293499e+18,,,0.0,0.26903152706559896,0.5672268304081574,1.4962251523426595,0.5234114977653312,0.9882536363784481,1.8545824718681976,75.8066055,26.8609339,75.8066111,26.8609072
1.7015983467958093e+18,,,0.0,0.3802939270646287,0.7233463805203746,1.7333188774428394,0.722352976579389,1.2618428250836042,2.1764422788326327,75.8066106,26.860919,75.8066105,26.8608996
1.7015983472981202e+18,,,0.0,0.3435624885918421,0.6960187109226601,1.7642739018886504,0.6703692644315836,1.2346147197699626,2.184012640179562,75.8066111,26.8609072,75.8066105,26.8608996
1.7015983478004306e+18,,,0.0,0.2444978089510258,0.7311820892944312,1.6526897366583773,0.46188401587208133,1.3671063260967784,2.0605632831322733,75.8066105,26.8608996,75.8066137,26.8608788
1.7015983483027407e+18,,,0.0,0.2801896475633478,0.709153390486075,1.6257445473722272,0.5264924933408166,1.322436667749315,2.00250886782041,75.8066105,26.8608996,75.8066184,26.86087
1.7015983488050514e+18,,,0.0,0.45863375972612813,0.531733417452323,1.653761593261456,0.8264569846598044,0.8669013045061656,1.998983560125686,75.8066137,26.8608788,75.8066225,26.8608594
1.7015983493073615e+18,,,0.0,0.4635540574123887,0.5923475077249756,1.69137773294772,0.8247168346894798,1.024269433102691,2.154741854251572,75.8066184,26.86087,75.8066225,26.8608594
1.7015983498096722e+18,,,0.0,0.30999267818850934,0.607251939865062,1.5980144087485348,0.5781214742768717,1.0531561362469033,2.0742149763665974,75.8066225,26.8608594,75.8066299,26.8608375
1.7015983503119823e+18,,,0.0,0.3154742212491485,0.4940634097658134,1.5549253920680706,0.630576861356754,0.8405048701710034,1.9487914750350557,75.8066225,26.8608594,75.8066299,26.8608375
1.7015983508142927e+18,,,0.0,0.32481901330549545,0.44083969460358224,1.5259517712585893,0.6327811852938016,0.8084608730525907,1.9081712984140056,75.8066299,26.8608375,75.8066349,26.8608151
1.701598351316603e+18,,,0.0,0.25509107289549426,0.5624342816880104,1.7534846195185565,0.4692587121485484,1.1201535187707177,2.348980139963503,75.8066299,26.8608375,75.8066409,26.8608017
1.7015983518189135e+18,,,0.0,0.2879893589353075,0.567827644009006,1.82056983795731,0.5406739429182262,1.0999197581536042,2.3747212692568844,75.8066349,26.8608151,75.8066445,26.8607886
1.7015983523212242e+18,,,0.0,0.3529345914985752,0.4651446553477097,1.5958529007869908,0.6641223601806556,0.8137723070134182,1.873945483323835,75.8066409,26.8608017,75.8066445,26.8607886
1.701598352823535e+18,,,0.0,0.5600633931081939,0.4706947266793992,1.7372989320677579,0.9903449969652393,0.7453232503900691,1.9722805350495332,75.8066445,26.8607886,75.8066451,26.8607598
1.7015983533258458e+18,,,0.0,0.6218917195700382,0.4398203812052164,1.7079955584797037,1.0668830500386932,0.644014775419183,1.9011225760775081,75.8066445,26.8607886,75.8066449,26.8607451
1.7015983538281567e+18,,,0.0,0.3604555166364374,0.3930562024116051,1.296599858204532,0.7065754067406058,0.702434669825138,1.5458016937989778,75.8066451,26.8607598,75.8066438,26.860734
1.7015983543304673e+18,,,0.0,0.3263752799837414,0.46888409177671014,1.3321356169298708,0.5984704277055415,0.8378101372700626,1.7318564044001405,75.8066449,26.8607451,75.8066446,26.8607241
1.7015983548327782e+18,,,0.0,0.3751655364939313,0.6762379641633066,1.6774088818696924,0.6575095772685638,1.157985900823975,2.141369073229129,75.8066438,26.860734,75.806651,26.8607131
1.7015983553350886e+18,,,0.0,0.3796477689670034,0.6741164236225744,1.667559443316242,0.7620753840614465,1.1360796769561339,2.0814843634874416,75.8066446,26.8607241,75.806651,26.8607131
1.7015983558373993e+18,,,0.0,0.35197557836635546,0.5239025060345055,1.5523770002191646,0.7419308061761808,0.9216765191999491,1.8798633613118767,75.806651,26.8607131,75.8066597,26.8606965
1.70159835633971e+18,,,0.0,0.24305423627039094,0.5193350440213639,1.424904472494987,0.47702494919253974,0.9650342570167791,1.7261403957258756,75.806651,26.8607131,75.8066636,26.8606862
1.7015983568420204e+18,,,0.0,0.3304816703478282,0.5992136078030011,1.571962938602402,0.7202232262885521,1.1229164894134354,1.9302209453897106,75.8066597,26.8606965,75.8066669,26.8606708
1.7015983573443305e+18,,,0.0,0.5054754076598545,0.6877801546933041,1.7369684054795453,0.9306040158779235,1.30574368079952,2.14941324129975,75.8066636,26.8606862,75.8066714,26.8606607
1.701598357846641e+18,,,0.0,0.6117728986164149,0.8140326258378704,2.110855242347988,1.068896763187925,1.3890059472387928,2.751944998448883,75.8066669,26.8606708,75.8066756,26.8606477
1.701598358348951e+18,,,0.0,0.6939994057293355,0.8406107575275695,2.370326912084474,1.228243148759703,1.4463328046975046,3.026483435101671,75.8066714,26.8606607,75.8066778,26.8606339
1.7015983588512612e+18,,,0.0,0.6100190857802356,0.9138486239872798,2.3839527504919773,1.108779875205148,1.647662079834294,3.0605536217781557,75.8066756,26.8606477,75.8066813,26.8606264
1.701598359353571e+18,,,0.0,0.5112899668802223,1.0641070435014948,2.697263833915755,0.9656266788606339,1.965974346841976,3.314012899052234,75.8066778,26.8606339,75.8066851,26.8606129
1.701598359855881e+18,,,0.0,0.3999624967568697,0.912935911914629,2.690209627297965,0.8130159045891864,1.7828365588606998,3.371734962720009,75.8066813,26.8606264,75.8066894,26.8606006
1.7015983603581908e+18,,,0.0,0.3068696078257944,0.8184985073794642,2.6143763818364767,0.56989220758994,1.5119384831847877,3.412958476010691,75.8066851,26.8606129,75.8066951,26.8605885
1.7015983608605002e+18,,,0.0,0.4421103778897272,0.8434141407811083,2.341762202031252,0.8047189705173963,1.4477754450169513,3.0044198324044666,75.8066894,26.8606006,75.8066995,26.8605802
1.7015983613628099e+18,,,0.0,0.6058143728568374,0.8825803526778914,2.296075544676423,1.0117353740978914,1.5715722861369457,3.0879129430755197,75.8066951,26.8605885,75.8066995,26.8605802
1.7015983618651192e+18,,,0.0,0.6371322897795086,0.9057901773441306,2.8094150117022885,1.1046535402960593,1.695878312096919,3.6843361570308635,75.8066995,26.8605802,75.8067159,26.8605518
1.7015983623674286e+18,,,0.0,0.45423013603382856,0.6766038438633712,2.3689815857801038,0.9154159367773492,1.2269417436635648,3.13671187749898,75.8066995,26.8605802,75.8067243,26.8605375
1.701598362869738e+18,,,0.0,0.23635593231666369,0.6663388959798978,1.871819694251773,0.4549077145343158,1.1808220478040636,2.47535400812297,75.8067159,26.8605518,75.8067304,26.8605281
1.701598363372047e+18,,,0.0,0.36268118636803676,0.7577569086849878,1.9140446422468247,0.7543477799500427,1.307555837138054,2.4824450804470373,75.8067243,26.8605375,75.8067346,26.8605208
1.7015983638743565e+18,,,0.0,0.6294982330470485,0.7834668895450295,1.7271507824905135,1.1163755469458365,1.3081399269216312,2.1360935340332396,75.8067304,26.8605281,75.80674,26.8605069
1.7015983643766653e+18,,,0.0,0.5934992066260941,0.8854882771039216,1.963042749749428,1.0548515699795045,1.4288645136630016,2.4290393671211916,75.8067346,26.8605208,75.8067419,26.8605
1.7015983648789745e+18,,,0.0,0.373571597482558,0.8649333793541762,2.326107933713199,0.7059364651362794,1.4976416199707283,2.9575131574275515,75.80674,26.8605069,75.8067444,26.8604903
1.701598365381283e+18,,,0.0,0.7982991073983441,2.1439527238816267,7.058148270677914,2.1863717795218194,4.862016207114483,14.744997368830003,75.8067419,26.8605,75.8067444,26.8604903
1.7015983658835922e+18,,,0.0,1.2831295515288956,3.2948434657787034,10.348511126216101,3.182927596433604,6.7505293589558555,17.591511297438654,75.8067444,26.8604903,75.8067532,26.8604722
1.7015983663859013e+18,,,0.0,0.9891640607637112,2.0423627050960715,6.217352216140943,2.5396315078771012,4.966851495949562,10.289417132973767,75.8067444,26.8604903,75.8067604,26.8604657
1.7015983668882102e+18,,,1.0,0.5177115840069846,1.3008960170272161,4.010010326808939,1.1018258733179154,2.43773291391959,5.057488087618578,75.8067532,26.8604722,75.8067656,26.8604621
1.7015983673905193e+18,,,1.0,0.4285540796104898,1.4558026408721327,4.355400209564078,0.8372508272404228,2.5892670741785944,5.533269356953611,75.8067604,26.8604657,75.8067707,26.8604583
1.7015983678928287e+18,,,0.0,0.615219834719066,1.2608008844688459,4.3700095253605795,1.1542384905795229,2.143876684272517,5.569360249196168,75.8067656,26.8604621,75.8067803,26.8604502
1.7015983683951383e+18,,,0.0,0.5213790814367987,1.4640772719484179,4.563239856842768,1.053049704730752,2.609693783264194,6.3603622816144,75.8067707,26.8604583,75.8067882,26.8604451
1.7015983688974477e+18,,,0.0,0.5233993334066568,1.7189628233516665,4.773616213152813,1.0038254430867768,3.108882399784948,6.907312532421208,75.8067803,26.8604502,75.8067983,26.8604368
1.7015983693997573e+18,,,0.0,0.8180877179976801,1.8311492752326453,6.170468714779313,1.460593611986803,3.297705032132874,9.275276141059054,75.8067882,26.8604451,75.8068041,26.8604297
1.7015983699020664e+18,,,0.0,1.4390056450830215,3.17685954690853,8.86859514272883,2.5240814300904657,8.114890021147637,14.540007526705482,75.8067983,26.8604368,75.8068123,26.8604187
1.701598370404376e+18,,,0.0,1.8158722288387688,4.123006397981035,9.899242693054473,3.322196840657034,9.383790203763628,15.805172221742964,75.8068041,26.8604297,75.8068138,26.8604131
1.701598370906686e+18,,,1.0,1.2960846577470457,2.602855064695831,6.748974409437384,2.761083909600334,5.5502748046184065,10.65903450044129,75.8068123,26.8604187,75.806821,26.8604046
1.7015983714089953e+18,,,1.0,0.8511432157199808,1.4811109170369516,4.508356791864463,1.674244845461745,2.709093231332763,5.687168359331445,75.8068138,26.8604131,75.8068252,26.8604016
1.701598371911305e+18,,,0.0,0.7660405637333624,1.4681245358345698,4.511853451173099,1.416081501719297,2.8104635387291093,5.756327132998641,75.806821,26.8604046,75.80683,26.8603962
1.7015983724136148e+18,,,0.0,1.4583287168494794,2.2149509408710655,6.781546280129145,2.706624687176684,4.483471436098321,12.253794447960582,75.8068252,26.8604016,75.80683,26.8603962
1.7015983729159252e+18,,,0.0,2.003305856388392,3.3647523267250623,9.482198282022647,3.6625627206515805,6.038037542303758,15.008551139041076,75.80683,26.8603962,75.806843,26.8603839
1.7015983734182356e+18,,,1.0,1.2380297557648556,2.760083292237821,7.703139105938281,2.767488750676601,4.94367545456606,11.135659352755946,75.80683,26.8603962,75.8068503,26.8603748
1.701598373920546e+18,,,1.0,0.5700642598483514,1.7152664113731857,4.753812126394717,1.0726922691081717,2.834629072152472,6.688222107976522,75.806843,26.8603839,75.8068547,26.8603698
1.701598374422857e+18,,,0.0,0.4718678235748881,1.1184204227911256,3.376291328530692,0.8595882798163875,2.0458379064744903,4.315298082308836,75.8068503,26.8603748,75.8068627,26.860364
1.7015983749251676e+18,,,0.0,0.4589437324843453,0.8032174307735983,3.2358185519605254,0.8594688975447026,1.6571135275166329,4.054470134439541,75.8068547,26.8603698,75.8068734,26.8603568
1.7015983754274785e+18,,,0.0,0.6035400696319705,0.8278518809321449,2.9722125977371063,1.0834059573509118,1.65767083438974,3.674570631089386,75.8068627,26.860364,75.806883,26.8603476
1.701598375929789e+18,,,0.0,0.683092788381087,0.9601056320235789,3.04229798579597,1.2427515963246525,1.8919745135602097,3.9771782285288277,75.8068734,26.8603568,75.8068877,26.8603437
1.7015983764320996e+18,,,0.0,0.5810987134237496,1.2458631520465298,3.3379943539138255,1.1468262395661453,2.2486433970582933,4.302558883787485,75.806883,26.8603476,75.806898,26.8603346
1.7015983769344102e+18,,,0.0,0.5301011299800796,1.2232364809817227,3.579792370985727,0.9746255778191251,2.1648113416867463,4.670618873474506,75.8068877,26.8603437,75.8069058,26.8603304
1.7015983774367206e+18,,,0.0,0.6502525094045094,1.5288343030601006,4.401489063918734,1.2030726164628067,2.6750307438127763,5.647210169173717,75.806898,26.8603346,75.8069181,26.8603239
1.701598377939031e+18,,,0.0,0.764563622668762,2.0008397536503733,5.4375553412097695,1.3958170033328783,3.6650181454963557,7.369703829374799,75.8069058,26.8603304,75.8069297,26.8603154
1.7015983784413417e+18,,,0.0,0.654130997542527,2.1090302702582213,6.413038250686495,1.2411391265791731,4.098418932196886,8.924487798891382,75.8069181,26.8603239,75.8069297,26.8603154
1.7015983789436518e+18,,,0.0,0.5561180489087295,1.7781336388330249,5.765893092066415,1.127656597403149,3.311378337338399,7.959086690805456,75.8069297,26.8603154,75.8069567,26.8603016
1.7015983794459622e+18,,,0.0,0.5320434621329003,1.2322560727046656,4.484625892124161,1.0337578941707197,2.141699909958216,5.59231419711324,75.8069297,26.8603154,75.8069567,26.8603016
1.7015983799482724e+18,,,0.0,0.4556456408649907,1.0018998083620962,3.6392720562722793,0.8089823123040579,1.840255361909038,4.289311748385728,75.8069567,26.8603016,75.8069832,26.8602914
1.7015983804505823e+18,,,0.0,0.3286932879996596,0.9919063009572967,3.1832052638624577,0.587689054805337,1.8989573111520983,3.968621499289039,75.8069567,26.8603016,75.8070004,26.8602839
1.7015983809528927e+18,,,0.0,0.2509324857129187,0.9992061405511632,2.8909495770635347,0.5067206880191082,1.865489721895218,3.863734532670469,75.8069832,26.8602914,75.807016,26.8602781
1.7015983814552028e+18,,,0.0,1.043590760900149,2.5277839717511137,10.266285939386748,2.582070864252778,5.731120237991797,19.03454140841136,75.8070004,26.8602839,75.807016,26.8602781
1.7015983819575127e+18,,,0.0,1.405048281424763,3.0491239482037105,12.853633101009743,2.9134298313885805,6.346558159032389,20.63847475005395,75.807016,26.8602781,75.807047,26.860269
1.7015983824598228e+18,,,1.0,0.6118524556993049,1.471666562365783,5.299905413164588,1.4446640076110477,3.2344547932139345,8.71239400005362,75.807016,26.8602781,75.8070667,26.8602634
1.7015983829621335e+18,,,1.0,0.32559560216543537,0.8796764297368762,2.691416484818053,0.5920143264101122,1.566477422735995,3.1687766637931944,75.807047,26.860269,75.807076,26.8602604
1.7015983834644444e+18,,,1.0,0.49118367878776753,1.0542453941317635,2.435316650264283,0.8244852884846918,1.7436571939295444,2.9155824456623787,75.8070667,26.8602634,75.807076,26.8602604
1.7015983839667558e+18,,,0.0,0.5876291576954046,1.1351496252354185,2.387076302321011,1.0223079212871724,1.8455293024429218,2.974292835761907,75.807076,26.8602604,75.8071008,26.8602493
1.7015983844690673e+18,,,0.0,0.5739764552104671,1.2168656770353348,2.7515826584201717,1.0596734161874286,2.044962115612847,3.5885792613838987,75.807076,26.8602604,75.8071148,26.860243
1.7015983849713792e+18,,,0.0,0.5760889469602823,1.2756825858639445,3.088125185946962,1.0922739306115417,2.125749412250943,4.036786852301348,75.8071008,26.8602493,75.8071238,26.8602396
1.7015983854736906e+18,,,0.0,0.43286372490215613,1.097230796605337,2.9084129835091153,0.8842077611650591,1.7523090475988554,3.7660958674704728,75.8071148,26.860243,75.8071379,26.8602349
1.701598385976002e+18,,,0.0,0.25058856275851527,1.110128403385701,3.257671657006242,0.4880760811967475,2.003695022429551,4.154331923385175,75.8071238,26.8602396,75.8071519,26.8602282
1.701598386478314e+18,,,0.0,0.270266023040104,1.2639486817455328,3.8666076520415094,0.5484665707107871,2.364944405575852,4.8797429325582495,75.8071379,26.8602349,75.8071661,26.8602209
1.7015983869806252e+18,,,0.0,0.3374975829697099,1.0919719822898488,3.4228556322517005,0.699869325985848,1.9997649215342033,4.414734833495171,75.8071519,26.8602282,75.8071812,26.860214
1.7015983874829368e+18,,,0.0,0.3873973929230565,0.8789817433798813,3.2095614985227394,0.789212605257276,1.5656877174617125,4.064080025564778,75.8071661,26.8602209,75.8071812,26.860214
1.701598387985248e+18,,,0.0,0.47865141901188707,1.3545369114718049,5.0362871818957275,1.078901925864603,2.6854630824677557,7.02049522639029,75.8071812,26.860214,75.8072124,26.8602001
1.7015983884875594e+18,,,0.0,0.4048129195535776,1.3343313565845722,4.71456309171686,0.9763629656089399,2.597623792432948,6.826511022831353,75.8071812,26.860214,75.8072299,26.8601928
1.7015983889898706e+18,,,0.0,0.39508952669721575,0.8113511869156218,2.74694106471604,0.7268031716729692,1.32371688538584,3.5967357450815927,75.8072124,26.8602001,75.8072403,26.8601888
1.7015983894921818e+18,,,0.0,0.40653352760680955,0.7735715248578028,2.525616808914704,0.7646697191771502,1.43011116251823,3.2147760184170404,75.8072299,26.8601928,75.8072554,26.8601821
1.701598389994493e+18,,,0.0,0.3055793128566223,0.9631454528750183,2.4417676292634205,0.5909145800314385,1.7588989432676585,3.1181979399844164,75.8072403,26.8601888,75.8072675,26.8601773
1.701598390496804e+18,,,0.0,0.40851728010451277,1.2061791447167827,2.8404533224515798,0.7356703613105013,2.090954059185465,3.665581155144732,75.8072554,26.8601821,75.807286,26.8601685
1.701598390999115e+18,,,0.0,0.46501880605856366,1.583585783229568,5.041406238380818,0.8086632694157432,3.8267688760384537,7.98441563163578,75.8072675,26.8601773,75.807297,26.8601633
1.701598391501426e+18,,,0.0,0.3928696301418032,1.5777180274131952,5.31235754592194,0.7396219806694481,3.8377930349016465,8.244950742432653,75.807286,26.8601685,75.8073133,26.8601546
1.7015983920037368e+18,,,0.0,0.3223575242245097,1.1291482838683728,3.609602291967886,0.6383677774944821,2.0470381233139157,4.618127675746001,75.807297,26.8601633,75.8073258,26.860148
1.7015983925060477e+18,,,0.0,0.42220888524464967,0.8370887270064868,2.9211016983193905,0.7875977319160615,1.4826990575227772,3.5710688146444407,75.8073133,26.8601546,75.8073459,26.8601412
1.7015983930083587e+18,,,0.0,0.4558415503503576,0.85697735017318,2.677927203151157,0.8245401376666514,1.5713190553242486,3.3205715314608297,75.8073258,26.860148,75.8073524,26.8601392
1.7015983935106696e+18,,,0.0,0.34746436811273285,1.0464365382496177,2.6541548247490203,0.6631727372489975,1.918879249281532,3.4207730197056567,75.8073459,26.8601412,75.8073713,26.8601315
1.7015983940129805e+18,,,0.0,0.45067323143461135,1.2869533681031116,3.0290527299538548,0.826999469797083,2.30435330088016,4.294276670649871,75.8073524,26.8601392,75.8073829,26.860127
1.7015983945152916e+18,,,0.0,0.4877408334363437,1.3728324229132967,3.393122180714987,0.9140069564275781,2.39100748459287,4.627110492751655,75.8073713,26.8601315,75.8073829,26.860127
1.7015983950176028e+18,,,0.0,0.562268356381706,1.2838557956388945,3.54672185912684,1.0091177362752797,2.241443253623777,4.7541517268902105,75.8073829,26.860127,75.8074094,26.86011
1.7015983955199142e+18,,,0.0,0.5494246954958981,1.1963315510158095,3.6622462940460543,0.9291095720668192,2.203897099202404,4.978612388040443,75.8073829,26.860127,75.8074285,26.8601026
1.7015983960222257e+18,,,0.0,0.4485416381807857,1.104483355527431,3.2518404512072014,0.8708777596707262,2.094469212420778,4.190987948002864,75.8074094,26.86011,75.8074378,26.8600997
1.701598396524537e+18,,,0.0,0.6211076337338516,1.314197165720413,3.7571061499980076,1.1089528630310415,2.502481854903769,4.828569194404314,75.8074285,26.8601026,75.8074567,26.8600954
1.7015983970268483e+18,,,0.0,0.6176214644211416,1.3376335696550614,4.032312795759188,1.0712936854271298,2.4348862179276565,5.14474526140764,75.8074378,26.8600997,75.8074674,26.8600918
1.70159839752916e+18,,,0.0,0.4784905801596521,1.2669932670000212,4.114504834179454,0.9104236224347056,2.509126460344922,5.12994135080607,75.8074567,26.8600954,75.8074896,26.8600846
1.7015983980314716e+18,,,0.0,0.5201906070627151,1.6940669564975042,5.084937115528515,1.0071648392973078,3.2288915170258914,6.324406304154514,75.8074674,26.8600918,75.8074979,26.8600823
1.701598398533783e+18,,,0.0,0.557205446995564,1.9601498726586362,6.32210099962634,1.010617303861458,3.5143384374199327,8.20473266403861,75.8074896,26.8600846,75.8075204,26.8600754
1.7015983990360945e+18,,,0.0,0.556717980214502,1.5699331571653845,6.6856774784477375,1.0517602081917403,2.9480481601276285,8.564161711180311,75.8074979,26.8600823,75.8075315,26.8600711
1.701598399538406e+18,,,0.0,0.39640301360222757,1.1527373233480889,5.048909378376824,0.901090467414025,1.9652213549525348,6.394380582057667,75.8075204,26.8600754,75.8075518,26.8600642
1.701598400040717e+18,,,0.0,0.2828705361289533,1.0662736062679017,4.0966187986146245,0.5961767151910178,1.812951083374004,5.04012847285112,75.8075315,26.8600711,75.8075599,26.8600621
1.7015984005430282e+18,,,0.0,0.3718890624361854,1.1830742056264567,4.1308013277840665,0.71909103591638,2.1283740533103366,5.077138271968609,75.8075518,26.8600642,75.807578,26.8600537
1.7015984010453394e+18,,,0.0,0.4568873211304964,0.9722824397858939,3.131767552851311,0.8805498845990439,1.8278075757164343,3.908872558536273,75.8075599,26.8600621,75.8075901,26.8600477
1.7015984015476506e+18,,,0.0,0.5764544220796722,0.8889543765477812,2.7896103960702434,1.0687252923565276,1.6560414886604582,3.3906239361527115,75.807578,26.8600537,75.8075901,26.8600477
1.7015984020499615e+18,,,0.0,0.6176616291049363,1.1121055903312485,2.961414288541347,1.0976596088977084,1.9774870908598214,3.6441685792401644,75.8075901,26.8600477,75.8076248,26.8600367
1.7015984025522724e+18,,,0.0,0.4742519019427649,1.1038055079746383,2.608211576722697,0.8895410978453238,1.9057695688164478,3.3098351243017805,75.8075901,26.8600477,75.8076376,26.8600334
1.7015984030545833e+18,,,0.0,0.2951370241775709,0.8686945946410011,2.5067678156504356,0.569539441190995,1.5517828878172084,3.1993099799605758,75.8076248,26.8600367,75.8076474,26.8600298
1.7015984035568942e+18,,,0.0,0.36627880374636995,0.6169147747611967,2.200345070143146,0.6858594196926001,1.0481106748854605,2.7848831447128615,75.8076376,26.8600334,75.8076636,26.8600248
1.701598404059205e+18,,,0.0,0.3627972325328678,0.7512402302042027,1.9340121143325089,0.6997947460188954,1.3252910538314748,2.356185998288455,75.8076474,26.8600298,75.8076751,26.8600218
1.701598404561516e+18,,,0.0,0.41487727836019017,1.075887573496746,2.6078432291943723,0.8426731547020592,1.9427650928307545,3.5026692318304145,75.8076636,26.8600248,75.8076893,26.8600131
1.7015984050638267e+18,,,0.0,0.5846273679231017,1.13530834231102,2.9087266168308368,1.1045770649704543,2.0326564375137144,3.8829179123502082,75.8076751,26.8600218,75.8076939,26.8600087
1.7015984055661376e+18,,,0.0,0.4777107870270169,0.9971207633466354,2.8080302519484968,0.9357475636514017,1.7397402253676602,3.5640184200819576,75.8076893,26.8600131,75.8077082,26.8600021
1.701598406068448e+18,,,0.0,0.43440228247898405,0.9679781520647981,2.914376628874544,0.8119960074669056,1.641013932549414,3.578804524037539,75.8076939,26.8600087,75.8077118,26.8600009
1.701598406570759e+18,,,0.0,0.43593916052316933,0.8769749918508115,2.844446120492336,0.8616266330965201,1.484793740363385,3.471642914772462,75.8077082,26.8600021,75.807727,26.8599952
1.7015984070730696e+18,,,0.0,0.34521540265360834,0.9344270228987916,2.9287775250728667,0.7136820060618319,1.669642695998071,3.6232673697710793,75.8077118,26.8600009,75.8077433,26.8599892
1.7015984075753805e+18,,,0.0,0.4797098930659741,1.0426738346633264,3.022586979545882,0.8912443807625496,1.8798697437479395,3.8283520107897764,75.807727,26.8599952,75.8077601,26.8599806
1.7015984080776916e+18,,,0.0,0.6980212812022729,1.1913047405251804,3.099385234393207,1.2557421587577455,2.0753740684762727,3.9409248922194933,75.8077433,26.8599892,75.8077731,26.8599734
1.7015984085800028e+18,,,0.0,0.5604530974790296,1.322966761043823,3.0682429327091945,1.110713949929824,2.3064866639323074,3.9745559689123438,75.8077601,26.8599806,75.8077907,26.8599656
1.7015984090823142e+18,,,0.0,0.3959937141821495,1.0543392003006515,2.919302177116025,0.7674557626782368,1.8792004277348495,3.7783463972092863,75.8077731,26.8599734,75.8078022,26.85996
1.701598409584626e+18,,,0.0,0.4089486882608461,1.0651660158522414,2.9864961852786593,0.7743398681949029,1.7812227662547686,3.706336430947416,75.8077907,26.8599656,75.807813,26.8599552
1.7015984100869373e+18,,,0.0,0.3744371031369862,1.218509498066745,2.958178088839158,0.6982033658975617,2.102298509348437,3.6512038179467114,75.8078022,26.85996,75.8078279,26.8599499
1.7015984105892493e+18,,,0.0,0.3792159976884226,1.0086681339335608,2.673145718997958,0.6902662438682737,1.8183266915206044,3.264281191030671,75.807813,26.8599552,75.8078407,26.8599452
1.7015984110915607e+18,,,0.0,0.46589541267325474,0.9618313234490956,2.7842547105211226,0.845200150144919,1.852400386354863,3.4200175167974374,75.8078279,26.8599499,75.8078491,26.8599429
1.7015984115938724e+18,,,0.0,0.49259692060715227,1.1510607997617126,3.219198649079301,0.882641087654604,2.2658696009167656,4.090407190833595,75.8078407,26.8599452,75.8078688,26.8599371
1.7015984120961838e+18,,,0.0,0.4491534080505547,0.9858327566488322,2.938240298289019,0.7858267778100285,1.9174010077748744,3.79639052634849,75.8078491,26.8599429,75.8078878,26.8599321
1.7015984125984955e+18,,,0.0,0.48205418732255706,0.7241831588208925,2.2956036086504388,0.8551851029292002,1.2542586401266669,2.9237792704410777,75.8078688,26.8599371,75.807905,26.859926
1.7015984131008072e+18,,,0.0,0.43986383240888566,0.9239030594118606,2.6755164516112764,0.8010046314273398,1.8341182535566996,3.310650599725056,75.8078878,26.8599321,75.807905,26.859926
1.7015984136031188e+18,,,0.0,0.43524540215068375,1.1026616021122948,3.030730252983458,0.7744680294704412,2.1117983838831345,3.760077518514281,75.807905,26.859926,75.8079304,26.8599178
1.7015984141054305e+18,,,0.0,0.4776952750268046,0.889215035897444,2.5479192349200934,0.8318503387153589,1.6072697115352628,3.3368035669345155,75.807905,26.859926,75.8079484,26.8599098
1.7015984146077422e+18,,,0.0,0.45137065251108416,0.9110629987721707,2.572942664980873,0.8565220743390528,1.673573155360027,3.2429894113293267,75.8079304,26.8599178,75.8079677,26.8599016
1.7015984151100541e+18,,,0.0,0.33595311429829455,0.9244303613551034,2.5464646539643594,0.7175003876073637,1.7264395662918022,3.2031419187184205,75.8079484,26.8599098,75.8079677,26.8599016
1.7015984156123658e+18,,,0.0,0.20520383013739038,0.7708611640821893,2.428262052422528,0.41809128421317465,1.6152365814513046,3.3186357488332914,75.8079677,26.8599016,75.8079918,26.8598898
1.7015984161146775e+18,,,0.0,0.2832988175046996,0.8126127291481189,2.4571696928829714,0.6339590566862636,1.6887863739115503,3.2821413476489396,75.8079677,26.8599016,75.8080091,26.859883
1.7015984166169892e+18,,,0.0,0.36904890845666233,0.897396636060337,2.171046969910318,0.7076207278783213,1.6170468905727733,2.714108362713116,75.8079918,26.8598898,75.8080282,26.8598766
1.7015984171193006e+18,,,0.0,0.3270048045482025,0.8343271722633118,2.1774084245906056,0.5731881465915755,1.4875630320248683,2.713711150994426,75.8080091,26.859883,75.8080436,26.859871
1.701598417621612e+18,,,0.0,0.30013917490411396,0.8288559806870214,2.2360497127377847,0.5215117184019596,1.500107592141807,2.762173057168801,75.8080282,26.8598766,75.8080628,26.8598635
1.7015984181239235e+18,,,0.0,0.2798123173507806,0.9156925845453858,2.1300737243392884,0.5049629371517809,1.587084194647812,2.6749614430820015,75.8080436,26.859871,75.8080741,26.8598589
1.701598418626235e+18,,,0.0,0.26409313016331515,0.8934313889666137,2.207556062464714,0.505296343863648,1.5692330661453338,2.954076593568705,75.8080628,26.8598635,75.8080909,26.859851
1.7015984191285463e+18,,,0.0,0.26015136631694497,0.9708285665666656,2.2036456447405746,0.49472647049847024,1.7652762162421727,2.9795068006467273,75.8080741,26.8598589,75.8080993,26.8598465
1.7015984196308572e+18,,,0.0,0.3667385565697641,0.938450752561516,1.9701619874418825,0.6870983713112175,1.6748265544807337,2.4976645781933726,75.8080909,26.859851,75.8081194,26.8598375
1.7015984201331686e+18,,,0.0,0.3772322503990256,0.795617513716136,2.077688506418281,0.7023877788800376,1.4089873553304875,2.6044186802803475,75.8080993,26.8598465,75.8081194,26.8598375
1.7015984206354798e+18,,,0.0,0.2955383861667423,0.8373506652903348,2.2902066717890817,0.5622976941072612,1.4401743463452124,2.888266808504926,75.8081194,26.8598375,75.8081499,26.8598249
1.7015984211377907e+18,,,0.0,0.32580327547048005,0.8968587761048166,2.2038964677386907,0.6351560965824719,1.5909302606080162,2.7753421038284167,75.8081194,26.8598375,75.8081652,26.859818
1.701598421640102e+18,,,0.0,0.27155695159454757,0.894617372533656,2.1543931522209885,0.5826556990666567,1.7055051253355733,2.696022909705565,75.8081499,26.8598249,75.8081819,26.8598094
1.701598422142413e+18,,,0.0,0.30850742869014947,0.9302357334354225,2.480314299173096,0.6263985784206395,1.7742406889247528,3.0889687837201376,75.8081652,26.859818,75.8081967,26.8598017
1.7015984226447242e+18,,,0.0,0.3434992496746506,0.8056647957966545,2.2962649744528205,0.6360268545803117,1.493291605929175,2.896585242228626,75.8081819,26.8598094,75.8082123,26.8597942
1.7015984231470354e+18,,,0.0,0.2871860188535495,0.937882762996317,2.0514978357377442,0.576525872166025,1.5878898689399763,2.7084435215612124,75.8081967,26.8598017,75.8082205,26.8597905
1.7015984236493466e+18,,,0.0,0.38783434123412897,1.118276449812147,2.7333729026252875,0.774068023109434,1.8708633281805278,3.4859970317117726,75.8082123,26.8597942,75.8082436,26.8597799
1.701598424151658e+18,,,0.0,0.5235686361259109,1.0959598483940445,3.496748023888508,0.9940562560943954,1.8690007514284064,4.3472152020896955,75.8082205,26.8597905,75.808255,26.8597773
1.701598424653969e+18,,,0.0,0.4820208463968625,1.0955815310755346,3.382684486173747,0.9673975424971134,1.8563506207366995,4.3151205318028145,75.8082436,26.8597799,75.8082738,26.859771
1.70159842515628e+18,,,0.0,0.44266669586786483,0.988285503729008,2.924424623819586,0.8648153045657534,1.6918145413251966,3.7603070229955957,75.808255,26.8597773,75.8082738,26.859771
1.7015984256585915e+18,,,0.0,0.49210099660584133,1.0222983469470577,3.1761507578368198,0.9044234074940413,1.8524939160245542,4.020305250277211,75.8082738,26.859771,75.8083013,26.8597579
1.7015984261609027e+18,,,0.0,0.39924031596409393,1.058011845818313,3.198542458942102,0.7430227952276472,1.9723515374195613,4.1013367501014795,75.8082738,26.859771,75.8083175,26.8597505
1.7015984266632143e+18,,,0.0,0.3010486137242587,1.0793259863213052,3.1265773008098265,0.5301477506418887,1.893986116083338,4.011109269639552,75.8083013,26.8597579,75.8083353,26.8597431
1.7015984271655252e+18,,,0.0,0.30047226418067136,1.0286603246520472,3.345422042559028,0.533863855911374,1.8545886799618772,4.265987271257446,75.8083175,26.8597505,75.8083496,26.8597357
1.701598427667837e+18,,,0.0,0.295268830829573,1.012959421244044,3.2433212366446615,0.5102288723532005,1.7871755359174961,4.228006894328704,75.8083353,26.8597431,75.8083666,26.8597282
1.7015984281701486e+18,,,0.0,0.35676990870008124,1.3179527010698673,3.436869100100333,0.6420239947000076,2.333117261398024,4.5208551932722765,75.8083496,26.8597357,75.8083826,26.8597213
1.70159842867246e+18,,,0.0,0.45202196319601284,1.2620861302317268,3.715059559908362,0.8365807670858828,2.35615831140769,4.823239833798693,75.8083666,26.8597282,75.8083982,26.8597153
1.7015984291747717e+18,,,0.0,0.4026441833713845,0.9781493341808476,3.4387799324529738,0.764565473597495,1.7270345018891735,4.333637168295516,75.8083826,26.8597213,75.808412,26.8597105
1.7015984296770834e+18,,,0.0,0.28818731720910024,1.014088626514549,2.873172125135513,0.5461255191277835,1.7619029859490576,3.583918865569748,75.8083982,26.8597153,75.8084346,26.859702
1.7015984301793953e+18,,,0.0,0.33593698786776477,0.8818606550090835,2.8034943923329245,0.5909598090882572,1.637377992192896,3.872735945004459,75.808412,26.8597105,75.8084346,26.859702
1.7015984306817073e+18,,,0.0,0.5129829801199265,1.4816137794951196,4.063900945361466,0.873675217470438,3.0516307505849602,5.7899506314117115,75.8084346,26.859702,75.8084691,26.8596879
1.7015984311840192e+18,,,0.0,0.5610239742344527,1.9967309098297945,5.165223576154436,1.0314618829176139,3.997283583842585,7.043308398991937,75.8084346,26.859702,75.8084691,26.8596879
1.7015984316863311e+18,,,0.0,0.5156208555499782,1.2257667952612545,3.9500748658842206,0.9997343091858315,2.8428119641085137,5.557873968732721,75.8084691,26.8596879,75.8085023,26.8596801
1.7015984321886433e+18,,,0.0,0.4891196864272837,0.6516664664948408,2.2554507076301413,0.9264377673712244,0.9910295595237211,2.7035040068584744,75.8084691,26.8596879,75.8085023,26.8596801
1.7015984326909558e+18,,,0.0,1.0421854360442382,0.8682357868617099,2.894386770138299,2.8307819134026198,1.4151046485686785,4.496027069207048,75.8085023,26.8596801,75.8085392,26.8596731
1.7015984331932682e+18,,,0.0,1.1257422903284986,1.0818246743244302,3.244610067773877,2.8497811472988444,1.534234818341117,4.7354843165377325,75.8085023,26.8596801,75.8085458,26.8596741
1.7015984336955804e+18,,,0.0,0.5386475297100002,0.9583262052897237,2.4596599191855515,0.9805056369547543,1.2919654686854214,2.8796162124645712,75.8085392,26.8596731,75.8085584,26.8596734
1.7015984341978926e+18,,,0.0,0.41794532284368147,0.9356653453566139,2.05038730456197,0.8403507275009147,1.4276396269036837,2.45549197769009,75.8085458,26.8596741,75.8085577,26.859676
1.7015984347002048e+18,,,0.0,0.45820921176001933,0.915506779367539,1.8988456119927,0.7894922195811872,1.4250618810310849,2.336064995841754,75.8085584,26.8596734,75.8085669,26.8596762
1.701598435202517e+18,,,0.0,0.4784818960233853,0.9149017830320558,2.1077551043082576,0.8624024929633369,1.4364582344551584,2.495812487843241,75.8085577,26.859676,75.8085668,26.8596765
1.701598435704829e+18,,,0.0,0.6105025788170715,1.217767694369705,2.7762510261901996,1.2497196484516346,2.7009730499442193,5.122767360724927,75.8085669,26.8596762,75.8085775,26.8596763
1.7015984362071409e+18,,,0.0,0.8266307471395726,1.473315160067541,3.987135294810629,1.528004659361817,3.0004108317875153,6.3315148311108596,75.8085668,26.8596765,75.8085775,26.8596763
1.7015984367094528e+18,,,0.0,0.7882339554075338,1.5319061890755037,4.249692460797732,1.4517197314981634,2.6437336770412356,5.272140981530863,75.8085775,26.8596763,75.8085964,26.8596732
1.7015984372117647e+18,,,0.0,0.6171016390421473,1.2157957743195167,3.0480427502976006,1.140255781829059,2.20352426161426,4.185255436077809,75.8085775,26.8596763,75.8085993,26.8596708
1.7015984377140764e+18,,,0.0,0.49371504784987896,0.7017683075117717,1.791334971643525,0.8065633693876845,1.021116375174029,2.867787311438749,75.8085964,26.8596732,75.8086054,26.859667
1.7015984382163884e+18,,,0.0,0.5369301747353813,0.6985763339899533,1.8111188344702174,0.9648509676160367,1.1326627085406302,2.2589681915779485,75.8085993,26.8596708,75.8086054,26.859667
1.7015984387187003e+18,,,1.0,0.5614118573292208,0.6855140287023164,1.9496009750771535,0.9859875022703517,1.149381110065795,2.3260207953446557,75.8086054,26.859667,75.808619,26.8596616
1.7015984392210122e+18,,,1.0,0.3731861668772505,0.5948919057871332,1.6379970374998942,0.6757470370915235,1.0529338671761461,2.000745180738327,75.8086054,26.859667,75.808623,26.8596604
1.701598439723324e+18,,,0.0,0.24865801768937326,0.6040944432499341,1.7989815151952808,0.5243574322935494,1.16097367948947,2.2381945924631763,75.808619,26.8596616,75.8086296,26.8596593
1.7015984402256358e+18,,,0.0,0.3169175975267901,0.6007231057366949,1.9908112542999785,0.6481182242217506,1.2120335933228819,2.4283273241206973,75.808623,26.8596604,75.8086347,26.859658
1.7015984407279475e+18,,,0.0,0.3812411827339217,0.6728471791002102,1.934407631747299,0.6906689071769847,1.2277940905935731,2.3675418248105977,75.8086296,26.8596593,75.8086455,26.8596533
1.701598441230259e+18,,,0.0,0.35083452010195026,0.7172683718453331,1.9391464798519988,0.6248352028338663,1.2044804314324555,2.4079159095890126,75.8086347,26.859658,75.8086529,26.8596523
1.7015984417325706e+18,,,0.0,0.3430198008691242,0.6681844169552827,1.9033358544864887,0.6639596862047217,1.1613544182675086,2.340671482480997,75.8086455,26.8596533,75.8086611,26.8596505
1.7015984422348818e+18,,,0.0,0.5397251773648821,0.6835742076584549,1.935269127735445,1.1033557255708952,1.196835814197564,2.316528504361908,75.8086529,26.8596523,75.8086611,26.8596505
1.7015984427371932e+18,,,0.0,0.5972873415398742,0.7210131740063044,1.9662173721758298,1.1453682926589643,1.240919410567521,2.369864862916647,75.8086611,26.8596505,75.8086735,26.8596418
1.7015984432395044e+18,,,0.0,0.3916856207161475,0.6751655323512525,1.9837140028122187,0.7471551930327403,1.1730349980039763,2.4621672664187395,75.8086611,26.8596505,75.8086809,26.8596346
1.7015984437418158e+18,,,0.0,0.3195106103092131,0.6271827931030295,1.9922607987799739,0.6237190019938343,1.150358537992477,2.509220086021254,75.8086735,26.8596418,75.8086898,26.8596298
1.7015984442441267e+18,,,0.0,0.38674861271491723,0.6959788009838727,1.8880559458698962,0.6798302723217096,1.1907007887622296,2.3925505117470776,75.8086809,26.8596346,75.8086898,26.8596298
1.701598444746438e+18,,,0.0,0.5032741212280436,0.9975062254553609,2.4021752398828458,0.8497985217700218,1.8528532277155103,3.101739458623447,75.8086898,26.8596298,75.8087087,26.8596191
1.701598445248749e+18,,,0.0,0.4959139268478818,1.0367869425204939,2.6903565391506006,0.859714361718355,1.9064056823578788,3.5158023728742545,75.8086898,26.8596298,75.8087218,26.8596124
1.70159844575106e+18,,,0.0,0.3429645243973893,0.9269355645339763,2.7669624154936394,0.6653842551902477,1.6658145452476076,3.568353572516891,75.8087087,26.8596191,75.8087315,26.859608
1.7015984462533711e+18,,,0.0,0.3256204197409992,0.8516722907016367,2.956556193845573,0.6341758145586259,1.614694163575322,3.6236825895096567,75.8087218,26.8596124,75.8087455,26.859603
1.7015984467556823e+18,,,0.0,0.3758380296702201,0.8043486231087874,2.6893430121073423,0.6875141576255542,1.3618447049679792,3.347539056676533,75.8087315,26.859608,75.8087535,26.8596001
1.701598447257993e+18,,,0.0,0.3935378248362158,0.7154967423378565,2.33337996480177,0.7234966340405684,1.2178565808469526,2.9144387200306396,75.8087455,26.859603,75.8087656,26.8595942
1.701598447760304e+18,,,0.0,0.35776808986730513,0.6562174435666387,2.1260459009942645,0.6874553012817296,1.1768950057362983,2.631080150351781,75.8087535,26.8596001,75.8087777,26.8595888
1.7015984482626156e+18,,,0.0,0.32997541666626273,0.6753520779240574,2.001835377476624,0.6244034008308456,1.25573249316127,2.5641766174810274,75.8087656,26.8595942,75.808792,26.8595832
1.701598448764927e+18,,,0.0,0.27363043888086197,0.6495650513422869,1.7758840527197564,0.5247387271789187,1.2425712128072268,2.2584353451777743,75.8087777,26.8595888,75.8087998,26.8595803
1.7015984492672387e+18,,,0.0,0.23736405594439694,0.7379069298561859,1.7024218754737235,0.43331865938211916,1.2858836542348044,2.1305071974318213,75.808792,26.8595832,75.8088098,26.8595756
1.7015984497695508e+18,,,0.0,0.3570013333153658,0.7361190854485303,1.6962124827876637,0.6470796062169873,1.229147997191033,2.113948666128515,75.8087998,26.8595803,75.8088239,26.8595683
1.7015984502718628e+18,,,0.0,0.438934230550147,0.7542447792727249,1.7319310351594444,0.7827538752407532,1.2632736669374625,2.160167228642027,75.8088098,26.8595756,75.8088352,26.8595636
1.701598450774175e+18,,,0.0,0.4001096628551378,0.7881349839462571,2.056922797744211,0.7587872657124645,1.4277931372016461,2.6190627930248205,75.8088239,26.8595683,75.8088451,26.8595613
1.701598451276487e+18,,,0.0,0.3090843258456951,0.6976234630730146,1.9772769375024501,0.6082758035019424,1.3397266732194602,2.5362448560384943,75.8088352,26.8595636,75.8088552,26.8595587
1.7015984517787988e+18,,,0.0,0.29667581149541533,0.726972187283324,1.953456430743888,0.5181799485606513,1.2647029816434041,2.530566237451399,75.8088451,26.8595613,75.8088649,26.8595565
1.7015984522811108e+18,,,0.0,0.3754627022048187,0.9496068162968825,2.367929974840083,0.6592082415548575,1.618814260896723,2.964463019059086,75.8088552,26.8595587,75.8088649,26.8595565
1.7015984527834225e+18,,,0.0,0.44384873847284806,1.3133920174615925,3.2445295062771553,0.8292110839683614,2.429345567432069,4.165869082402836,75.8088649,26.8595565,75.80889,26.8595476
1.7015984532857347e+18,,,0.0,0.813807771324203,1.9680888051165208,5.5520290775511,1.5358165620266018,3.5396429548749007,7.609200583080737,75.8088649,26.8595565,75.8089014,26.8595397
1.7015984537880463e+18,,,0.0,0.8741279119441089,2.5879480549071925,8.360223534750427,1.6142421456811387,4.4100919665494,10.875424402327209,75.80889,26.8595476,75.8089081,26.8595348
1.701598454290358e+18,,,0.0,0.9006318445672062,3.2085402721366707,9.35676536270381,1.7147184243269615,5.358758760539162,11.915642787616854,75.8089014,26.8595397,75.8089081,26.8595348
1.70159845479267e+18,,,0.0,0.9593047335566723,2.9947697331046688,9.965262248137737,1.8263812836387452,5.096253826005533,12.619879248293076,75.8089081,26.8595348,75.8089321,26.8595249
1.7015984552949816e+18,,,0.0,1.3817780600547886,3.615936947619386,15.467147691313238,2.8746815781479125,6.480624087227122,22.003540514650577,75.8089081,26.8595348,75.8089463,26.8595208
1.7015984557972936e+18,,,0.0,1.3137732505789712,2.999906397347849,13.842788676211843,2.8309922024128,6.01003939586502,20.840886642285938,75.8089321,26.8595249,75.8089597,26.8595174
1.7015984562996055e+18,,,0.0,0.4760799905238111,0.942929703124122,5.790625393744913,1.0604415784327457,1.8294967150262733,7.1493997826324724,75.8089463,26.8595208,75.8089597,26.8595174
1.7015984568019172e+18,,,0.0,0.35407581412778394,0.7177060002719113,3.65746789002329,0.7551547743308076,1.3303290851966072,4.589697058837646,75.8089597,26.8595174,75.8089806,26.8595099
1.701598457304229e+18,,,1.0,0.4800512505690536,1.1209038280480619,5.020990324630507,1.0415017560047046,2.195752000484801,7.07920868609645,75.8089597,26.8595174,75.8089979,26.8595052
1.7015984578065413e+18,,,1.0,0.7657505061002051,1.974888881638182,7.212705050783504,1.4766853855082758,3.4766069124151295,9.370329431701741,75.8089806,26.8595099,75.8090063,26.8595033
1.7015984583088532e+18,,,0.0,0.8369025645300208,2.176968124567436,7.240240475213125,1.5844847279094352,3.749270194864893,9.499475036157904,75.8089979,26.8595052,75.8090176,26.8594991
1.701598458811165e+18,,,0.0,0.6188497953671067,1.3976925247140501,5.05965638789819,1.2524257029179215,2.6302370238608037,7.040782871287299,75.8090063,26.8595033,75.8090296,26.8594931
1.7015984593134769e+18,,,0.0,0.38857427088049157,0.6326402802073724,2.8111407299695284,0.7896714299388337,1.192645281228302,3.335135272748162,75.8090176,26.8594991,75.8090296,26.8594931
1.7015984598157885e+18,,,0.0,0.3067013766427096,0.5041010523680899,2.1916061049267164,0.606514685729455,0.9240619042672494,2.667217546995358,75.8090296,26.8594931,75.8090507,26.8594788
1.7015984603181002e+18,,,0.0,0.4086986985600841,0.661672905144664,2.1472456260318284,0.8371460116687912,1.2002075158396073,2.684123124681576,75.8090296,26.8594931,75.8090609,26.8594715
1.701598460820412e+18,,,0.0,0.48811570587409747,0.7271114784786179,1.908162472759014,0.9361112221265183,1.2844026948123743,2.3979897715141294,75.8090507,26.8594788,75.8090679,26.8594668
1.7015984613227236e+18,,,0.0,0.4132965512353217,0.7129857834954385,1.7620274576307795,0.7290240010606709,1.200367055716883,2.270930526068144,75.8090609,26.8594715,75.8090772,26.8594592
1.701598461825035e+18,,,0.0,0.39359103529904516,0.6723419481902511,1.723709147716642,0.6680006492121551,1.139254134865569,2.208123047643873,75.8090679,26.8594668,75.8090843,26.8594557
1.7015984623273464e+18,,,0.0,0.45178552821597756,0.6933427327721552,1.8342313238824075,0.8127997943807478,1.1582929719696793,2.176897652280578,75.8090772,26.8594592,75.8090953,26.8594506
1.7015984628296579e+18,,,0.0,0.5376675360650871,0.8246090614320174,2.2354372527586897,1.0073614215441264,1.3833283719894283,2.641933736117572,75.8090843,26.8594557,75.8091077,26.8594469
1.7015984633319693e+18,,,0.0,0.4378925082690611,0.8283605293383265,2.2827001702113865,0.8836688244084215,1.4380699226363982,2.7341822667334914,75.8090953,26.8594506,75.8091163,26.8594422
1.701598463834281e+18,,,0.0,0.33354647332134485,0.6989526943092682,1.8424044303418448,0.662187673901112,1.21751760340384,2.2142352908441887,75.8091077,26.8594469,75.8091265,26.8594349
1.7015984643365924e+18,,,0.0,0.3640732213843191,0.6184431871388877,1.696959523719744,0.7047892691304684,1.061800657408315,1.997292708697514,75.8091163,26.8594422,75.809131,26.8594307
1.7015984648389036e+18,,,0.0,0.36624926398402347,0.5895385044687772,1.6944088765288876,0.6629420899817335,1.005333814516328,2.0802950082419995,75.8091265,26.8594349,75.80914,26.8594281
1.7015984653412147e+18,,,0.0,0.36259472985270164,0.6949465350973807,1.7322505682887586,0.6415356101864178,1.164341705144734,2.3454419509145503,75.809131,26.8594307,75.80914,26.8594281
1.7015984658435261e+18,,,0.0,0.4681419358635258,0.8106848430910091,2.1965797906150573,0.9521457116421819,1.390748094910698,2.780829574493213,75.80914,26.8594281,75.8091584,26.8594184
1.7015984663458376e+18,,,0.0,0.5327604007646238,0.7730798080983576,2.3479864319210826,1.0577190990648546,1.3905694668138864,2.9138175138721865,75.80914,26.8594281,75.8091584,26.8594184
1.701598466848149e+18,,,0.0,0.5183810017399036,0.841048460159371,2.4469029997426968,0.9791260110873464,1.6207465967599866,3.1475951534614484,75.8091584,26.8594184,75.8091738,26.8594079
1.7015984673504604e+18,,,0.0,0.47162082708787184,1.0776875491608449,2.597485214996588,0.860741358425193,1.975421226075518,3.269161445348944,75.8091584,26.8594184,75.8091833,26.8594018
1.7015984678527716e+18,,,0.0,0.39727716912258293,1.074359685000212,2.661966087002501,0.6804767092885289,1.9107303675595735,3.3382951934379017,75.8091738,26.8594079,75.8091949,26.8593969
1.7015984683550828e+18,,,0.0,0.612746938917977,1.5044117349026151,6.168676184906621,1.3102917569378978,3.044691580069398,12.467860114437906,75.8091833,26.8594018,75.8091949,26.8593969
1.7015984688573942e+18,,,0.0,0.8308888990492757,3.499402895826456,9.96906611434949,1.8999716943474139,7.912954609031924,16.316914931728626,75.8091949,26.8593969,75.8092158,26.859391
1.7015984693597056e+18,,,0.0,0.6455266339392084,2.993366402530609,6.354681193388805,1.5845552749983944,7.520063389128389,11.005390964031015,75.8091949,26.8593969,75.8092158,26.859391
1.7015984698620165e+18,,,1.0,0.44050508163418556,1.2624523726156427,3.45976002683279,0.8515976807771839,2.5197991320225888,6.481103779244607,75.8092158,26.859391,75.8092441,26.859387
1.7015984703643277e+18,,,1.0,0.5071069941875485,1.5500950118832955,4.4153888199052185,1.0058085004456718,3.134133361503728,7.4060261166076,75.8092158,26.859391,75.8092588,26.8593837
1.701598470866639e+18,,,0.0,1.7374717573581409,4.539291714190577,10.635561031042517,5.524951810233523,12.004701531747198,19.28419260973019,75.8092441,26.859387,75.8092655,26.8593812
1.7015984713689503e+18,,,0.0,2.298491954001348,6.374632822192365,15.082829037765823,6.105371880551715,14.65033795849953,24.30996527953991,75.8092588,26.8593837,75.8092765,26.8593776
1.7015984718712612e+18,,,1.0,1.2162210237497846,3.0627667720072775,7.8854902337387935,2.857250217076362,8.741454236042463,15.542464927779793,75.8092655,26.8593812,75.8092872,26.8593729
1.7015984723735726e+18,,,1.0,0.6867728597443608,0.7816182285015135,2.1348459029442153,1.2154207900494798,1.1810455941382585,2.74022208810582,75.8092765,26.8593776,75.8092872,26.8593729
1.7015984728758838e+18,,,0.0,0.6437175515413526,0.8124174675745853,1.8739576053040037,1.2158882574990382,1.3443448195786762,2.3593776702601157,75.8092872,26.8593729,75.8093089,26.8593689
1.701598473378195e+18,,,0.0,0.6130788012543377,0.8500742486543629,2.18290570114351,1.153987408854322,1.4065570967741798,2.7463824099930405,75.8092872,26.8593729,75.8093172,26.8593686
1.7015984738805059e+18,,,0.0,0.6092918634163269,0.7999864133878498,2.605458055440725,1.1017508805957201,1.3574794538275101,3.335520485710845,75.8093089,26.8593689,75.8093276,26.8593681
1.701598474382817e+18,,,0.0,0.6899547744267833,0.686475032545364,2.6158842584763944,1.2029298720810568,1.1798913500608286,3.4137123525716326,75.8093172,26.8593686,75.8093358,26.8593644
1.7015984748851277e+18,,,0.0,0.572182760433512,0.6468521005330072,2.2222130240685893,1.0293575398639776,1.0807828826689685,2.891976203109849,75.8093276,26.8593681,75.8093394,26.8593594
1.7015984753874386e+18,,,0.0,0.31147768855894575,0.7129071055246547,1.8516377183385522,0.5846193265115573,1.2117123931197165,2.358097441362262,75.8093358,26.8593644,75.8093394,26.8593594
1.7015984758897495e+18,,,0.0,0.30986227767922986,0.6100227969528546,1.6245340977255567,0.6338806185657271,1.0512908978292619,2.0472718206213614,75.8093394,26.8593594,75.8093578,26.8593494
1.7015984763920602e+18,,,0.0,0.39353324622644686,0.7315369945826674,1.9307671536235855,0.7452000640323441,1.3508404339176248,2.4451718450774274,75.8093394,26.8593594,75.8093685,26.8593463
1.701598476894371e+18,,,0.0,0.3952229859775224,0.8903975760754999,2.1915196181166454,0.719023011778975,1.5608545785202488,2.7371573389217057,75.8093578,26.8593494,75.8093804,26.8593415
1.7015984773966822e+18,,,0.0,0.43315047454721556,0.7734679196671128,2.260972653651763,0.7619828647994353,1.3652546850695955,2.8138605001299446,75.8093685,26.8593463,75.8093949,26.859337
1.7015984778989932e+18,,,0.0,0.35367811428334534,0.7290801640242964,2.313031487068444,0.6193823264732662,1.3387884675793653,2.983173458532484,75.8093804,26.8593415,75.8094039,26.8593352
1.701598478401304e+18,,,0.0,0.23794092682155787,0.5956432767323333,1.9801737794187304,0.4329684944902143,1.115796764228503,2.6086025871066743,75.8093949,26.859337,75.8094039,26.8593352
1.7015984789036147e+18,,,0.0,0.2783322694501731,0.5921810353332875,1.741737218729489,0.5050032692807286,1.045053743619859,2.1643842867496303,75.8094039,26.8593352,75.8094289,26.8593271
1.7015984794059261e+18,,,0.0,0.37950154711266554,0.6637090558912293,1.649052489612987,0.6423707680452266,1.1388853872259284,2.1294657611647736,75.8094039,26.8593352,75.809441,26.8593211
1.7015984799082373e+18,,,0.0,0.39433451613001,0.762955566698681,1.920763885841955,0.7373243803379473,1.3898991893313943,2.55962793682354,75.8094289,26.8593271,75.8094521,26.8593158
1.7015984804105482e+18,,,0.0,0.38784628510166846,0.8262370791101028,2.2613064733892134,0.7491246569413004,1.553239618356906,2.909278312289623,75.809441,26.8593211,75.8094521,26.8593158
1.7015984809128594e+18,,,0.0,0.33686412140454114,0.7434501060180039,2.2279842922715947,0.6317238606663823,1.3859166591449839,2.873173277245232,75.8094521,26.8593158,75.8094798,26.8593093
1.7015984814151706e+18,,,0.0,0.24254519938946317,0.9454300665538885,2.559393456729675,0.4757243508205563,1.562656362305859,3.228306724862317,75.8094521,26.8593158,75.8094798,26.8593093
1.7015984819174815e+18,,,0.0,0.2918131500764584,1.0380598081685786,2.8061182138233045,0.5655701514186917,1.6569176438634419,3.4124038479635397,75.8094798,26.8593093,75.8095093,26.8592986
1.7015984824197926e+18,,,0.0,0.36169405218629713,1.0802079973065317,2.9923238673495876,0.6356351594299817,1.9139611546960675,3.683026323449494,75.8094798,26.8593093,75.8095253,26.8592914
1.7015984829221038e+18,,,0.0,0.3282532675010096,1.0720410597200727,3.0835261020530043,0.5722029500869261,2.009340939329315,3.920751261593393,75.8095093,26.8592986,75.8095367,26.8592854
1.7015984834244145e+18,,,0.0,0.44551295730008067,0.8725651699254577,2.919277454590555,0.8190367365409661,1.5900684885147698,3.846954200962744,75.8095253,26.8592914,75.809555,26.8592781
1.7015984839267254e+18,,,0.0,0.46272952528586303,0.8474070331609602,2.6337009664948448,0.8853402805319552,1.5057064435350014,3.4547565784434444,75.8095367,26.8592854,75.8095655,26.8592748
1.701598484429036e+18,,,0.0,0.43289102025154824,0.9777758760839116,2.7439294742077593,0.8790678622824029,1.7534128882146565,3.4183789181438473,75.809555,26.8592781,75.809578,26.8592683
1.7015984849313467e+18,,,0.0,0.4738229909988587,1.1851660972941231,3.400821427451406,0.9353414676370517,2.182118424491894,4.101877764712147,75.8095655,26.8592748,75.809591,26.8592602
1.7015984854336579e+18,,,0.0,0.4523767919641412,1.2632418040567197,3.66489411754959,0.8375146537074528,2.3450263255396435,4.559202395997485,75.809578,26.8592683,75.8096035,26.8592531
1.7015984859359683e+18,,,0.0,0.4474529100001301,1.0971298000109533,3.6614224149799846,0.7775981697900187,2.0390291584816413,4.787953527838895,75.809591,26.8592602,75.8096104,26.8592499
1.7015984864382792e+18,,,0.0,0.4588871906292094,0.8728046929854013,3.276395122701225,0.8716172009973193,1.6889415981688947,4.115738967105157,75.8096035,26.8592531,75.8096198,26.8592403
1.7015984869405898e+18,,,0.0,0.5431991644535081,0.7348224282795565,2.620420682557634,0.9610465841613337,1.3607885348419544,3.083782216528135,75.8096104,26.8592499,75.8096291,26.8592318
1.7015984874429007e+18,,,0.0,0.46562202724171137,0.6496427608609211,2.1178556523458867,0.7916587674197114,1.1760182630849827,2.683522730298342,75.8096198,26.8592403,75.8096433,26.8592214
1.7015984879452114e+18,,,0.0,0.3095680861156545,0.6854206068565613,2.2319924700135716,0.547367324276028,1.2126033728366674,2.9230099368084144,75.8096291,26.8592318,75.8096493,26.8592189
1.701598488447522e+18,,,0.0,0.37818882582471636,0.8782109357467062,2.7929783553968237,0.7214772011866601,1.5414504763492496,3.546303979687746,75.8096433,26.8592214,75.8096627,26.8592113
1.7015984889498327e+18,,,0.0,0.4815602001511763,1.0425117461131475,3.040685482883013,0.8726854346233361,1.7551611708400396,3.807189663851522,75.8096493,26.8592189,75.8096773,26.8592052
1.7015984894521436e+18,,,0.0,0.39518669621909674,0.8946566234416578,2.860866851689336,0.7368794252680234,1.6125880779109678,3.631723233119633,75.8096627,26.8592113,75.8096886,26.8592015
1.7015984899544545e+18,,,0.0,0.3643851455811366,0.8870120279912064,3.0826332118926247,0.7133505116528974,1.7772163401420054,3.884416064004142,75.8096773,26.8592052,75.809699,26.8591954
1.7015984904567652e+18,,,0.0,0.34800006909250447,0.9674272228242679,3.020809106769151,0.6722610667116777,1.7865323049751973,3.827430749077079,75.8096886,26.8592015,75.8097148,26.8591885
1.7015984909590764e+18,,,0.0,0.4237136931689015,0.7910276651073409,2.4615075201606,0.8010875089558932,1.3723744198301882,3.1050855351024897,75.809699,26.8591954,75.80973,26.8591841
1.701598491461387e+18,,,0.0,0.4463601508666163,0.7881376752446784,2.621953537266405,0.822250405236385,1.4084795863155513,3.2357397384340767,75.8097148,26.8591885,75.8097498,26.8591817
1.7015984919636982e+18,,,0.0,0.27664720035141194,0.8736716919101732,2.825543762956422,0.5418057714297596,1.688112055986168,3.5387428841795328,75.80973,26.8591841,75.8097642,26.8591779
1.701598492466009e+18,,,0.0,0.28615886251301437,0.8450390087647994,2.443222604245814,0.5600453743537367,1.5980953594768557,3.107700749136396,75.8097498,26.8591817,75.8097769,26.8591723
1.7015984929683197e+18,,,0.0,0.44672377265603247,0.7433101957062661,2.0993027397970505,0.8784798930183451,1.2622788750796738,2.5202450622900288,75.8097642,26.8591779,75.8097934,26.8591648
1.7015984934706304e+18,,,0.0,0.6326623770740715,0.721002565642773,2.235499323156274,1.1800059605055437,1.1939631610820147,2.796469203661372,75.8097769,26.8591723,75.8098077,26.8591592
1.7015984939729416e+18,,,0.0,0.6895896384829772,0.8300143063506087,2.3217541651286684,1.2136025739325458,1.4816898287327038,2.912280758532757,75.8097934,26.8591648,75.8098166,26.8591559
1.7015984944752527e+18,,,0.0,0.5839822833680044,0.9371718872199694,2.693948325454404,1.0384188403464207,1.6442782481917424,3.309974208668597,75.8098077,26.8591592,75.8098354,26.8591494
1.7015984949775634e+18,,,0.0,0.5030573845256918,0.893516706898064,2.9202659035199234,0.9011355842485017,1.5057942377939413,3.5339271204712466,75.8098166,26.8591559,75.8098537,26.8591428
1.7015984954798746e+18,,,0.0,0.43052901645006186,0.7786217742023297,2.277964520927223,0.7809236681157422,1.280712731487758,2.850251871032614,75.8098354,26.8591494,75.8098703,26.8591363
1.7015984959821855e+18,,,0.0,0.3641582476778249,0.8507894889270107,2.3133231916778523,0.6561208693644365,1.5536227468005706,2.9193693637531766,75.8098537,26.8591428,75.8098867,26.8591307
1.7015984964844966e+18,,,0.0,0.42505769343912314,0.8512929416086535,2.4092418677752097,0.750710240747748,1.5997029606249074,3.0324834593779983,75.8098703,26.8591363,75.8099069,26.8591264
1.7015984969868078e+18,,,0.0,0.47061368741538784,0.724779936165287,1.8408098319057387,0.7823912242865063,1.1935984554478782,2.405862503366128,75.8098867,26.8591307,75.8099217,26.8591217
1.7015984974891187e+18,,,0.0,0.42589557083626045,0.872367007527719,2.2465758440164,0.7003916849136418,1.512971842049922,2.9646612471714215,75.8099069,26.8591264,75.8099346,26.8591168
1.70159849799143e+18,,,0.0,0.5170312546161481,1.3211193459178217,4.280657387857209,0.9981721488063853,2.5458972521896017,5.3794864668775455,75.8099217,26.8591217,75.8099447,26.8591127
1.701598498493741e+18,,,0.0,0.5008784592832197,1.2700428747388177,4.431195167284509,1.059399434101218,2.541778789712017,5.496600498905069,75.8099346,26.8591168,75.8099623,26.8591055
1.7015984989960522e+18,,,0.0,0.30520280940484573,0.9033097219094149,2.77433333489107,0.6688488704947194,1.7076182584592758,3.604431882366882,75.8099447,26.8591127,75.8099623,26.8591055
1.7015984994983634e+18,,,0.0,0.23137992352043737,0.7079568162031841,2.247809892576096,0.43948924279439927,1.360328506411331,2.8980439073316244,75.8099623,26.8591055,75.8099961,26.8590918
1.7015985000006746e+18,,,0.0,0.2668218841784593,0.7026593262927066,2.0049406590053245,0.51129220794583,1.290595082819305,2.4001444560956835,75.8099623,26.8591055,75.8099961,26.8590918
1.7015985005029855e+18,,,0.0,0.9700108659834402,3.024079606188971,8.107322379709604,2.1224675938030826,6.220832833416573,14.951696292993875,75.8099961,26.8590918,75.8100314,26.8590811
1.7015985010052966e+18,,,0.0,1.0590223466541782,3.7759366833065418,9.515404096691142,2.19374022306432,6.881198832462203,15.536333535250893,75.8099961,26.8590918,75.8100413,26.8590784
1.701598501507608e+18,,,0.0,0.6552849142449858,1.614477380838047,3.7715105718544613,1.2256080007915564,3.2680229661591365,5.096751235617771,75.8100314,26.8590811,75.8100635,26.8590726
1.7015985020099197e+18,,,0.0,0.8428071772362697,1.2568340501019866,3.8584477499395557,1.763810281027348,2.6443940504235015,5.927381341558627,75.8100413,26.8590784,75.8100635,26.8590726
1.7015985025122314e+18,,,0.0,1.5621545098394944,4.3360787880506795,13.75506942725508,3.1309093950138447,8.594703036291005,20.844233796734027,75.8100635,26.8590726,75.8100916,26.8590651
1.7015985030145434e+18,,,0.0,1.6765986032965992,4.8183783886392,14.620576597207481,3.0921571147713927,8.821611663149797,21.23768588911474,75.8100635,26.8590726,75.8101063,26.8590607
1.7015985035168558e+18,,,0.0,0.7762368459254835,1.8209949530497374,4.593519609173187,1.4878974818294204,3.352611975124578,7.158879610704917,75.8100916,26.8590651,75.8101193,26.8590568
1.701598504019168e+18,,,0.0,0.4110566807699596,0.9828229091158049,2.3981605048261905,0.7848082655875628,1.7035514533770568,3.074049541698402,75.8101063,26.8590607,75.8101284,26.8590488
1.701598504521481e+18,,,0.0,0.3331168511264948,0.9755405631520223,2.399219614066061,0.6520756139162284,1.7710382370678868,2.9662167026040596,75.8101193,26.8590568,75.810137,26.8590393
1.7015985050237937e+18,,,0.0,0.3285612221948045,0.986405009858859,2.286955923182189,0.6190709727584243,1.7450643014350915,2.8364413262610757,75.8101284,26.8590488,75.810142,26.8590365
1.7015985055261071e+18,,,0.0,0.36239002055560227,0.9570791879409475,1.9022735500805046,0.6243980334076192,1.727400945808824,2.547912787003128,75.810137,26.8590393,75.8101565,26.8590277
1.7015985060284206e+18,,,0.0,0.35086069466163194,0.782647441362213,1.7625147317644625,0.6282413947721837,1.3993907857657293,2.3261287900076115,75.810142,26.8590365,75.8101691,26.859021
1.7015985065307343e+18,,,0.0,0.43765135062773936,0.5705072197084298,1.7516473387535885,0.818359671329688,1.0438583192107767,2.1984978476453634,75.8101565,26.8590277,75.8101794,26.8590141
1.701598507033048e+18,,,0.0,0.3962908508351217,0.6405952024337305,1.7754241248597058,0.7740528584700925,1.2321301328849827,2.1399622399676623,75.8101691,26.859021,75.8101849,26.8590138
1.7015985075353615e+18,,,0.0,0.2634987479182403,0.6078149043144887,1.6685894626076188,0.49783167226835073,1.182302684613407,2.020613864829684,75.8101794,26.8590141,75.8102025,26.8590082
1.7015985080376748e+18,,,0.0,0.24531360191238524,0.5284751525862837,1.5263385309982085,0.4363320213376036,0.9702656935411093,1.8707871165043894,75.8101849,26.8590138,75.810215,26.8590046
1.7015985085399882e+18,,,0.0,0.2834745540312538,0.6935624493897687,1.724884506727049,0.5580267053904956,1.2868948336719988,2.188249316883663,75.8102025,26.8590082,75.8102309,26.8590002
1.7015985090423012e+18,,,0.0,0.3206778586421024,0.8213166689584626,1.9594273232131476,0.612471578060264,1.599341705883357,2.47515707445285,75.810215,26.8590046,75.8102422,26.8589956
1.7015985095446141e+18,,,0.0,0.25744732757158606,0.844600509491695,2.055952476945177,0.49033389402495264,1.5450288205126776,2.6224003389487547,75.8102309,26.8590002,75.8102553,26.8589904
1.7015985100469268e+18,,,0.0,0.38571872410994884,0.9199541969934135,2.323779525815733,0.7504384749549694,1.515443790819471,2.9333691504480184,75.8102422,26.8589956,75.8102553,26.8589904
1.701598510549239e+18,,,0.0,0.39928270192239773,0.8252097862019737,2.1816116088346567,0.7503516534667851,1.404666485537642,2.709250293314565,75.8102553,26.8589904,75.8102746,26.8589817
1.7015985110515515e+18,,,0.0,0.21456042998339217,0.6328767770713868,1.6191185916809419,0.39620701048312806,1.1519842990363351,1.9933265704004746,75.8102553,26.8589904,75.8102746,26.8589817
1.7015985115538634e+18,,,0.0,0.17944854483623768,0.6052134947655857,1.469180979766626,0.353148533670415,1.1728151212160727,1.7738175168196597,75.8102746,26.8589817,75.8103061,26.8589688
1.7015985120561756e+18,,,0.0,0.1785281818353969,0.5816941172113402,1.414948231509783,0.3572444742811186,1.0919398480269016,1.7736998368008543,75.8102746,26.8589817,75.8103061,26.8589688
1.7015985125584873e+18,,,0.0,0.18232294252749498,0.5174918112992685,1.2838290215039425,0.3951364869740519,0.9553549817759247,1.6597734643789612,75.8103061,26.8589688,75.8103266,26.8589621
1.7015985130607992e+18,,,0.0,0.24767535719173303,0.4778530139537297,1.253481457423126,0.48951223021488643,0.9240072291302863,1.6258229621766958,75.8103061,26.8589688,75.8103373,26.8589592
1.701598513563111e+18,,,0.0,0.26171743359059396,0.5001659952362784,1.2997675168843859,0.46555547354373933,0.9052002088696943,1.7645577774838772,75.8103266,26.8589621,75.8103483,26.8589547
1.7015985140654226e+18,,,0.0,0.17422776534371376,0.4485649369516175,1.2038541978852622,0.3409407795200409,0.818973642937621,1.6127271980189828,75.8103373,26.8589592,75.8103514,26.8589519
1.7015985145677343e+18,,,0.0,0.20127789362728304,0.48954221730501907,1.3106408177060285,0.39845830500843893,0.8879672275702286,1.642654677591784,75.8103483,26.8589547,75.8103637,26.8589461
1.7015985150700462e+18,,,0.0,0.25190011643721383,0.5607502244484095,1.754728070899702,0.5242907982221482,0.9226033645791701,2.0680383419463246,75.8103514,26.8589519,75.8103718,26.8589419
1.701598515572358e+18,,,0.0,0.3168903044621082,0.7474446668344668,2.1769025274398954,0.6747355206812827,1.0722555595757397,2.4423958350455743,75.8103637,26.8589461,75.8103824,26.8589359
1.7015985160746696e+18,,,0.0,0.30372910329604613,0.7219234239122316,1.6905904251226218,0.6155423646741819,1.0452119258507295,2.0664360559910637,75.8103718,26.8589419,75.8103824,26.8589359
1.7015985165769815e+18,,,0.0,0.12048338091010578,0.3009511971307724,0.6608868008799277,0.291544253224944,0.5513185977386704,0.9442036977922531,75.8103824,26.8589359,75.8103882,26.8589233
1.701598517079294e+18,,,0.0,0.054899663466572685,0.1412865564161648,0.42270391279050584,0.09110270931038661,0.18541675134185115,0.5048659859385928,75.8103824,26.8589359,75.8103882,26.8589233
